park,assassination,theft,gang_rape,burglary,rape,assualt_attack,harassment(sexual),totalcrime,long,lat,area,crime/area
PELHAM BAY PARK,0,0,0,0,0,0,0,0,,,BRONX        ,2771.747
VAN CORTLANDT PARK,0,0,0,0,0,0,1,2,,,BRONX        ,1146.43
ROCKAWAY BEACH AND BOARDWALK,0,0,0,0,0,0,0,0,,,QUEENS       ,1072.564
FRESHKILLS PARK,0,0,0,0,0,0,0,0,,,STATEN ISLAND,913.32
FLUSHING MEADOWS CORONA PARK,0,3,0,3,0,3,21,35,,,QUEENS       ,897.69
LATOURETTE PARK & GOLF COURSE,0,0,0,0,0,0,1,1,,,STATEN ISLAND,843.97
MARINE PARK,0,0,0,0,0,0,2,2,,,BROOKLYN     ,798
BELT PARKWAY/SHORE PARKWAY,0,0,0,0,0,0,0,1,,,BROOKLYN/QUEENS,760.43
BRONX PARK,0,0,0,0,0,1,1,8,,,BRONX        ,718.373
FRANKLIN D. ROOSEVELT BOARDWALK AND BEACH,0,0,0,0,0,1,0,1,,,STATEN ISLAND,644.35
ALLEY POND PARK,0,0,0,0,0,0,0,0,,,QUEENS       ,635.514
PROSPECT PARK,0,0,2,0,2,3,0,10,,,BROOKLYN     ,526.25
FOREST PARK,0,0,1,0,1,0,0,2,,,QUEENS       ,506.86
GRAND CENTRAL PARKWAY,0,0,0,0,0,0,0,0,,,QUEENS       ,460.16
FERRY POINT PARK,0,0,0,0,0,0,0,0,,,BRONX        ,413.8
CONEY ISLAND BEACH & BOARDWALK,0,0,0,0,0,2,5,10,,,BROOKLYN     ,399.203
CUNNINGHAM PARK,0,0,0,0,0,0,0,0,,,QUEENS       ,358
RICHMOND PARKWAY,0,0,0,0,0,0,0,0,,,STATEN ISLAND,350.983
CROSS ISLAND PARKWAY,0,0,0,0,0,0,0,0,,,QUEENS       ,326.895
GREAT KILLS PARK,0,0,0,0,0,0,0,0,,,STATEN ISLAND,315.094
WOLFE'S POND PARK,0,0,0,0,0,0,0,0,,,STATEN ISLAND,302.693
CONFERENCE HOUSE PARK,0,0,0,0,0,0,0,0,,,STATEN ISLAND,286.382
RANDALL'S ISLAND PARK,0,0,0,0,0,0,3,3,,,MANHATTAN    ,256.111
ROCKAWAY COMMUNITY PARK,0,0,0,0,0,0,0,0,,,QUEENS       ,255.4
KISSENA PARK,0,0,0,0,0,0,0,0,,,QUEENS       ,237.147
RIVERSIDE PARK,0,0,0,0,0,1,0,5,,,MANHATTAN    ,235.765
HUTCHINSON RIVER PARKWAY,0,0,0,0,0,0,0,0,,,BRONX        ,229.14
BLUE HERON PARK,0,0,0,0,0,0,0,0,,,STATEN ISLAND,217.45
DYKER BEACH PARK,0,0,0,0,0,0,0,0,,,BROOKLYN     ,216.655
WILLOWBROOK PARK,0,0,0,0,0,0,0,0,,,STATEN ISLAND,214.947
STATEN ISLAND INDUSTRIAL PARK,0,0,0,0,0,0,0,0,,,STATEN ISLAND,210.928
SILVER LAKE PARK,0,0,0,0,0,0,0,0,,,STATEN ISLAND,205.977
BRONX RIVER PARKWAY,0,0,0,0,0,0,1,1,,,BRONX        ,205.647
SOUNDVIEW PARK,0,0,0,0,0,4,0,6,,,BRONX        ,205.31
BELT PARKWAY,0,0,0,0,0,0,0,0,,,QUEENS       ,202.647
WILLOWBROOK PARKWAY,0,0,0,0,0,0,0,0,,,STATEN ISLAND,198.481
INWOOD HILL PARK,0,0,0,0,0,0,1,1,,,MANHATTAN    ,196.398
CLOVE LAKES PARK,0,0,0,0,0,0,0,1,,,STATEN ISLAND,193.423
FORT WASHINGTON PARK,0,0,0,0,0,0,1,1,,,MANHATTAN    ,184.143
IDLEWILD PARK,0,0,0,0,0,0,0,0,,,QUEENS       ,180.85
WARDS ISLAND PARK,0,0,0,0,0,0,0,0,,,MANHATTAN    ,176.581
SOUTH SHORE COUNTRY CLUB,0,0,0,0,0,0,0,0,,,STATEN ISLAND,173.994
SAW MILL CREEK MARSH,0,0,0,0,0,0,0,0,,,STATEN ISLAND,171.778
BLOOD ROOT VALLEY,0,0,0,0,0,0,0,0,,,STATEN ISLAND,161.242
JAMAICA BAY PARK,0,0,0,0,0,0,0,0,,,QUEENS       ,149.54
KISSENA CORRIDOR PARK,0,0,0,0,0,0,0,0,,,QUEENS       ,146.81
HIGHLAND PARK,0,0,0,0,0,1,1,3,,,BROOKLYN/QUEENS,146.339
ARDEN WOODS,0,0,0,0,0,0,0,0,,,STATEN ISLAND,145.864
RIVERDALE PARK,0,0,0,0,0,0,0,0,,,BRONX        ,144.29
OCEAN PARKWAY MALLS,0,0,0,0,0,0,0,0,,,BROOKLYN     ,140
BLOOMINGDALE PARK,0,0,0,0,0,0,0,0,,,STATEN ISLAND,138.1
OCEAN BREEZE PARK,0,0,0,0,0,0,0,0,,,STATEN ISLAND,136.568
CANARSIE PARK,0,0,0,0,0,0,0,0,,,BROOKLYN     ,132.2
HIGHBRIDGE PARK MANHATTAN SIDE,0,0,0,0,0,0,1,3,,,MANHATTAN    ,130.1
CROTONA PARK,0,0,0,0,0,1,0,3,,,BRONX        ,127.5
PAERDEGAT BASIN PARK,0,0,0,0,0,0,0,0,,,BROOKLYN     ,118.795
HOOK CREEK PARK,0,0,0,0,0,0,0,0,,,QUEENS       ,111.163
CRESCENT BEACH PARK,0,0,0,0,0,0,0,0,,,STATEN ISLAND,110.96
CLEARVIEW PARK GOLF COURSE,0,0,0,0,0,0,0,0,,,QUEENS       ,110.93
BAISLEY POND PARK,0,0,0,0,0,0,1,1,,,QUEENS       ,109.609
PELHAM PARKWAY,0,0,0,0,0,0,0,0,,,BRONX        ,108.91
PRALLS ISLAND,0,0,0,0,0,0,0,0,,,STATEN ISLAND,107.514
MARINERS MARSH PARK,0,0,0,0,0,0,0,0,,,STATEN ISLAND,107.2
DOUGLASTON PARK GOLF COURSE,0,0,0,0,0,0,0,0,,,QUEENS       ,104.6
LEMON CREEK PARK,0,0,0,0,0,0,0,0,,,STATEN ISLAND,104.545
SPRING CREEK PARK,0,0,0,0,0,0,0,0,,,BROOKLYN/QUEENS,99.566
HIGH ROCK PARK,0,0,0,0,0,0,0,0,,,STATEN ISLAND,94.1
LONG POND PARK,0,0,0,0,0,0,0,0,,,STATEN ISLAND,91.948
BROOKVILLE PARK,0,0,1,0,1,3,0,5,,,QUEENS       ,89.946
ISLE OF MEADOWS,0,0,0,0,0,0,0,0,,,STATEN ISLAND,87.516
CALVERT VAUX PARK,0,0,0,0,0,0,0,0,,,BROOKLYN     ,85.527
PUGSLEY CREEK PARK,0,0,0,0,0,0,0,0,,,BRONX        ,83.615
SNUG HARBOR CULTURAL CENTER,0,0,0,0,0,0,0,0,,,STATEN ISLAND,83.3
MOSHOLU PARKWAY,0,0,0,0,0,0,0,0,,,BRONX        ,80.936
MCGUIRE FIELDS,0,0,0,0,0,0,0,0,,,BROOKLYN     ,77.181
FRESH CREEK NATURE PRESERVE,0,0,0,0,0,0,0,0,,,BROOKLYN     ,77.044
JACKIE ROBINSON PARKWAY,0,0,0,0,0,0,0,0,,,BROOKLYN/QUEENS,72.75
FORT TRYON PARK,0,0,0,0,0,0,0,0,,,MANHATTAN    ,67.213
RIVERSIDE PARK SOUTH,0,0,0,0,0,0,1,1,,,MANHATTAN    ,66.693
EASTERN PARKWAY,0,0,0,0,0,0,0,0,,,BROOKLYN     ,65.7
FOUR SPARROW MARSH,0,0,0,0,0,0,0,0,,,BROOKLYN     ,64.665
FORT TOTTEN PARK,0,0,0,0,0,0,0,0,,,QUEENS       ,60.394
ASTORIA PARK,0,0,0,0,0,0,0,1,,,QUEENS       ,59.956
LAURELTON PARKWAY,0,0,0,0,0,0,0,0,,,QUEENS       ,59.612
RED HOOK RECREATION AREA,0,0,0,0,0,0,0,0,,,BROOKLYN     ,58.503
SHORE PARK AND PARKWAY,0,0,0,0,0,0,0,0,,,BROOKLYN     ,58
SPRING CREEK PARK ADDITION,0,0,0,0,0,0,0,0,,,BROOKLYN/QUEENS,57.921
JUNIPER VALLEY PARK,0,0,0,0,0,0,0,0,,,QUEENS       ,55.639
LITTLE BAY PARK,0,1,0,0,0,0,0,1,,,QUEENS       ,55.22
POWELL'S COVE PARK,0,0,0,0,0,0,0,0,,,QUEENS       ,55.023
HENRY HUDSON PARKWAY,0,0,0,0,0,0,0,0,,,BRONX        ,54.1
HARLEM RIVER PARK,0,0,0,1,0,5,1,7,,,MANHATTAN    ,53.967
DUBOS POINT WILDLIFE SANCTUARY,0,0,0,0,0,0,0,0,,,QUEENS       ,53.298
ROY WILKINS RECREATION CENTER,0,0,0,0,0,1,0,1,,,QUEENS       ,53.238
REED'S BASKET WILLOW SWAMP PARK,0,0,0,0,0,0,0,0,,,STATEN ISLAND,52.375
BROOKLYN BOTANIC GARDEN,0,0,0,0,0,0,0,0,,,BROOKLYN     ,47.57
MEREDITH WOODS,0,0,0,0,0,0,0,0,,,STATEN ISLAND,47.521
QUEENS FARM PARK,0,0,0,0,0,0,0,0,,,QUEENS       ,47.08
EAST RIVER PARK,0,0,0,0,0,0,0,0,,,MANHATTAN    ,45.88
CROCHERON PARK,0,0,0,0,0,0,1,1,,,QUEENS       ,45.79
MACOMBS DAM PARK,0,0,0,0,0,0,0,0,,,BRONX        ,44.174
MANHATTAN BEACH PARK,0,0,0,0,0,0,0,0,,,BROOKLYN     ,42.941
UDALL'S PARK PRESERVE,0,0,0,0,0,0,0,0,,,QUEENS       ,42.768
FAIRVIEW PARK,0,0,0,0,0,0,0,0,,,STATEN ISLAND,42.6
BAYSWATER PARK,0,0,0,0,0,1,0,1,,,QUEENS       ,40.07
DEERE PARK,0,0,0,0,0,0,0,0,,,STATEN ISLAND,39.779
PARADE GROUND,0,0,0,0,0,0,0,1,,,BROOKLYN     ,39.5
CLAREMONT PARK,0,0,0,0,0,2,0,2,,,BRONX        ,38.536
BROAD CHANNEL WETLANDS,0,0,0,0,0,0,0,0,,,QUEENS       ,37.95
CONEY ISLAND BOAT BASIN,0,0,0,0,0,0,0,0,,,BROOKLYN     ,36.81
BUNKER PONDS PARK,0,0,0,0,0,0,0,0,,,STATEN ISLAND,36.691
SETON FALLS PARK,0,0,0,0,0,0,0,0,,,BRONX        ,35.771
MCCARREN PARK,0,0,1,0,1,0,1,5,,,BROOKLYN     ,35.713
ST. MARY'S PARK BRONX,0,0,1,0,1,0,0,2,,,BRONX        ,35.311
SHOOTERS ISLAND,0,0,0,0,0,0,0,0,,,STATEN ISLAND,34.689
NORTH BROTHER ISLAND,0,0,0,0,0,0,0,0,,,BRONX        ,30.395
FORT GREENE PARK,0,0,0,0,0,0,0,1,,,BROOKLYN     ,30.168
BATTERY PARK CITY,0,0,0,0,0,0,1,1,,,MANHATTAN    ,29.99
MORNINGSIDE PARK,0,0,0,0,0,0,2,3,,,MANHATTAN    ,29.888
MACNEIL PARK,0,0,0,0,0,0,0,0,,,QUEENS       ,28.87
ALLEY ATHLETIC PLAYGROUND,0,0,0,0,0,0,0,0,,,QUEENS       ,27.531
VERNAM BARBADOES PENINSULA,0,0,0,0,0,0,0,0,,,QUEENS       ,27.484
COLLEGE POINT FIELDS,0,0,0,0,0,0,0,0,,,QUEENS       ,26.83
KAISER PARK,0,0,0,0,0,0,0,0,,,BROOKLYN     ,26.257
SUNSET PARK,0,0,0,0,0,1,0,3,,,BROOKLYN     ,24.498
OWL'S HEAD PARK,0,0,0,0,0,0,0,0,,,BROOKLYN     ,24.218
SPRINGFIELD PARK,0,0,0,0,0,0,0,1,,,QUEENS       ,23.543
RECREATIONAL AREA,0,0,0,0,0,0,0,0,,,MANHATTAN    ,23.093
KING FISHER PARK,0,0,0,0,0,0,0,0,,,STATEN ISLAND,23.01
SIEDENBURG PARK,0,0,0,0,0,0,0,0,,,STATEN ISLAND,22.882
ST. NICHOLAS PARK,0,0,0,0,0,0,0,1,,,MANHATTAN    ,22.74
SOUTH BROTHER ISLAND,0,0,0,0,0,0,0,0,,,BRONX        ,22.16
LOCUST POINT MARINA,0,0,0,0,0,0,0,0,,,BRONX        ,22.07
BATTERY PARK,0,0,0,0,0,0,1,1,,,MANHATTAN    ,21.88
BROOKLYN BRIDGE PARK,0,0,0,0,0,1,3,6,,,BROOKLYN     ,21.185
ASSER LEVY PARK,0,0,0,0,0,0,0,0,,,BROOKLYN     ,21.039
SEASIDE WILDLIFE NATURE PARK,0,0,0,0,0,0,0,0,,,STATEN ISLAND,20.907
WAVE HILL,0,0,0,0,0,0,0,0,,,BRONX        ,20.867
QUEENSBRIDGE PARK,0,0,0,0,0,1,0,1,,,QUEENS       ,20.34
MARCUS GARVEY PARK,0,0,0,0,0,0,2,4,,,MANHATTAN    ,20.165
ISHAM PARK,0,0,0,0,0,0,0,0,,,MANHATTAN    ,20.132
WILLIAMSBRIDGE OVAL,0,0,0,0,0,0,1,3,,,BRONX        ,19.749
BRANT POINT WILDLIFE SANCTUARY,0,0,0,0,0,0,0,0,,,QUEENS       ,19.556
BROAD CHANNEL AMERICAN PARK,0,0,0,0,0,0,0,0,,,QUEENS       ,18.768
THEODORE ROOSEVELT PARK,0,0,0,0,0,0,0,0,,,MANHATTAN    ,17.574
BENSONHURST PARK,0,0,0,0,0,0,0,0,,,BROOKLYN     ,17.5
LINCOLN TERRACE / ARTHUR S. SOMERS PARK,0,0,0,0,0,0,0,0,,,BROOKLYN     ,17.14
JOHN GOLDEN PARK,0,0,0,0,0,0,0,0,,,QUEENS       ,17
BAYVIEW TERRACE PARK,0,0,0,0,0,0,0,0,,,STATEN ISLAND,16.944
JONES WOODS PARK,0,0,0,0,0,0,0,0,,,STATEN ISLAND,16.93
FRANCIS LEWIS PARK,0,0,0,0,0,0,0,0,,,QUEENS       ,16.831
LEIF ERICSON PARK,0,0,0,0,0,0,0,0,,,BROOKLYN     ,16.8
EIBS POND PARK,0,0,0,0,0,0,0,0,,,STATEN ISLAND,16.505
RAILROAD PARK QUEENS,0,0,0,0,0,0,0,0,,,QUEENS       ,16.439
BREUKELEN BALLFIELDS,0,0,0,0,0,0,0,0,,,BROOKLYN     ,16.16
FRANZ SIGEL PARK,0,0,0,0,0,0,0,0,,,BRONX        ,15.99
THOMAS JEFFERSON PARK,0,0,0,0,0,2,0,3,,,MANHATTAN    ,15.524
ALICE AUSTEN PARK,0,0,0,0,0,0,0,0,,,STATEN ISLAND,15.524
MILL POND PARK,0,0,0,0,0,0,0,0,,,BRONX        ,15.496
SHERMAN CREEK,0,0,0,0,0,0,1,1,,,MANHATTAN    ,15.383
HARRIS PARK,0,0,0,0,0,1,0,1,,,BRONX        ,15.32
GOODHUE,0,0,0,0,0,0,0,0,,,STATEN ISLAND,15.064
MULLALY PARK,1,0,0,0,0,0,0,2,,,BRONX        ,15.049
TREMONT PARK,0,0,0,0,0,0,0,0,,,BRONX        ,15
CARL SCHURZ PARK,0,0,0,0,0,0,0,0,,,MANHATTAN    ,14.938
GRAND ARMY PLAZA BROOKLYN,0,0,0,0,0,0,0,0,,,BROOKLYN     ,14.257
VON BRIESEN PARK,0,0,0,0,0,0,0,0,,,STATEN ISLAND,13.938
MOTOR PARKWAY,0,0,0,0,0,0,0,0,,,QUEENS       ,13.894
UNNAMED PARK ON BEACH CHANNEL DRIVE & BEACH 116TH STREET TO BEACH 108TH STREET,0,0,0,0,0,0,0,0,,,QUEENS       ,13.826
BEACH 17 PLAYGROUND,0,0,0,0,0,0,0,0,,,QUEENS       ,13.75
TUDOR PARK,0,0,0,0,0,0,0,0,,,QUEENS       ,13.543
AQUEDUCT WALK,0,0,0,0,0,0,0,1,,,BRONX        ,13.533
FATHER MACRIS PARK,0,0,0,0,0,0,0,0,,,STATEN ISLAND,13.469
STARLIGHT PARK,0,0,0,0,0,4,0,4,,,BRONX        ,12.93
JACKIE ROBINSON PARK MANHATTAN,0,0,1,0,1,0,0,2,,,MANHATTAN    ,12.772
BROOKLYN MUSEUM,0,0,0,0,0,0,0,0,,,BROOKLYN     ,12.66
BEACH CHANNEL PARK,0,0,0,0,0,0,0,0,,,QUEENS       ,12.624
GREENBELT NATIVE PLANT CENTER,0,0,0,0,0,0,0,0,,,STATEN ISLAND,12.247
BOWNE PARK,0,0,0,0,0,0,1,1,,,QUEENS       ,11.788
SETON PARK,0,0,0,0,0,0,0,0,,,BRONX        ,11.689
RUFUS KING PARK,0,0,0,0,0,1,0,1,,,QUEENS       ,11.5
FRANK GOLDEN PARK,0,0,0,0,0,0,0,0,,,QUEENS       ,11.422
ST. JAMES PARK,0,0,0,0,0,0,0,0,,,BRONX        ,11.39
RICHMOND TERRACE WETLANDS,0,0,0,0,0,0,0,0,,,STATEN ISLAND,11.193
BARRETTO POINT PARK,0,0,0,0,0,0,0,0,,,BRONX        ,11.161
ST. ALBANS PARK,0,0,0,0,0,2,0,2,,,QUEENS       ,10.79
GEMINI FIELDS,0,0,0,0,0,0,0,0,,,QUEENS       ,10.761
GIVANS CREEK WOODS,0,0,0,0,0,0,0,0,,,BRONX        ,10.735
BETSY HEAD PARK,0,0,0,0,0,0,0,0,,,BROOKLYN     ,10.555
TOMPKINS SQUARE PARK,0,0,0,0,0,2,4,8,,,MANHATTAN    ,10.502
CPL. THOMPSON PARK,0,0,0,0,0,0,0,0,,,STATEN ISLAND,10.5
COMMODORE BARRY PARK,0,0,0,0,0,0,0,0,,,BROOKLYN     ,10.391
CADMAN PLAZA PARK,0,0,0,0,0,0,0,0,,,BROOKLYN     ,10.384
BROADWAY MALLS,0,0,0,0,0,0,0,0,,,MANHATTAN    ,10.242
STEEPLECHASE PARK,0,0,0,0,0,0,0,0,,,BROOKLYN     ,10.01
HUNTER'S POINT SOUTH PARK,0,0,0,0,0,0,0,0,,,QUEENS       ,10
UNNAMED PARK ON RICHMOND TERRACE,0,0,0,0,0,0,0,0,,,STATEN ISLAND,9.934
HYBRID OAK WOODS PARK,0,0,0,0,0,0,0,0,,,STATEN ISLAND,9.763
WASHINGTON SQUARE PARK,0,0,0,0,0,6,23,32,,,MANHATTAN    ,9.749
BRYANT PARK,0,0,0,0,0,1,10,11,,,MANHATTAN    ,9.603
ROCKAWAY FREEWAY,0,0,0,0,0,0,0,0,,,QUEENS       ,9.404
BICENTENNIAL VETERANS MEMORIAL PARK,0,0,0,0,0,0,0,0,,,BRONX        ,9.395
SUNSET COVE PARK,0,0,0,0,0,0,0,0,,,QUEENS       ,9.375
ST. JOHN'S RECREATION CENTER,0,0,0,0,0,0,1,2,,,BROOKLYN     ,9.339
LINDEN PARK,0,0,0,0,0,0,0,1,,,BROOKLYN     ,9.322
HAFFEN PARK,0,0,0,0,0,0,0,0,,,BRONX        ,9.238
ALLISON POND PARK,0,0,0,0,0,0,0,0,,,STATEN ISLAND,9.2
GRANITEVILLE SWAMP PARK,0,0,0,0,0,0,0,0,,,STATEN ISLAND,9.187
TOTTENVILLE SHORE PARK,0,0,0,0,0,0,0,0,,,STATEN ISLAND,9.181
CAPTAIN TILLY PARK,0,0,0,0,0,0,0,0,,,QUEENS       ,9.16
HARVEY PARK,0,0,0,0,0,1,0,1,,,QUEENS       ,9.154
MSGR. MCGOLRICK PARK,0,0,0,0,0,0,0,0,,,BROOKLYN     ,9.134
BUSHWICK INLET PARK,0,0,0,0,0,0,0,0,,,BROOKLYN     ,9.01
HENRY HUDSON PARK,0,0,0,0,0,0,0,0,,,BRONX        ,8.972
FRANK PRINCIPE PARK,0,0,0,0,0,0,0,0,,,QUEENS       ,8.899
CASTLE HILL PARK,0,0,0,0,0,0,0,0,,,BRONX        ,8.834
ROCHDALE PARK,0,0,0,0,0,0,0,0,,,QUEENS       ,8.833
ABE STARK SKATING RINK,0,0,0,0,0,0,0,0,,,BROOKLYN     ,8.807
CITY HALL PARK,0,0,0,0,0,0,0,0,,,MANHATTAN    ,8.8
EAST RIVER WATERFRONT ESPLANADE,0,0,0,0,0,0,0,0,,,MANHATTAN    ,8.761
CROTONA PARKWAY MALLS,0,0,0,0,0,0,0,0,,,BRONX        ,8.75
CONEY ISLAND CREEK PARK,0,0,0,0,0,0,0,0,,,BROOKLYN     ,8.663
MILL ROCK PARK,0,0,0,0,0,0,0,0,,,MANHATTAN    ,8.639
EAST RIVER ESPLANADE E 90TH ST TO E 125TH ST,0,0,0,0,0,0,0,0,,,MANHATTAN    ,8.595
JOHN J CARTY PARK,0,0,0,0,0,0,0,0,,,BROOKLYN     ,8.565
COFFEY PARK,0,0,0,0,0,0,0,0,,,BROOKLYN     ,8.271
BARRETT PARK,0,0,0,0,0,0,0,0,,,STATEN ISLAND,8.108
RAINEY PARK QUEENS,0,0,0,0,0,0,0,0,,,QUEENS       ,8.09
LAGUARDIA LANDING LIGHTS,0,0,0,0,0,0,0,0,,,QUEENS       ,8.03
CITY ISLAND WETLANDS,0,0,0,0,0,0,0,0,,,BRONX        ,8.005
SARA D. ROOSEVELT PARK,0,0,0,0,0,2,2,5,,,MANHATTAN    ,7.85
EWEN PARK,0,0,0,0,0,0,0,0,,,BRONX        ,7.84
HERBERT VON KING PARK,0,0,0,0,0,1,0,1,,,BROOKLYN     ,7.819
MOUNT PROSPECT PARK,0,0,0,0,0,0,0,0,,,BROOKLYN     ,7.79
RAINEY PARK BRONX,0,0,0,0,0,0,0,0,,,BRONX        ,7.738
DETECTIVE KEITH L WILLIAMS PARK,0,0,0,0,0,0,0,0,,,QUEENS       ,7.683
FLUSHING FIELDS,0,0,0,0,0,0,0,0,,,QUEENS       ,7.671
PALMER INLET,0,0,0,0,0,0,0,0,,,BRONX        ,7.49
MIDLAND FIELD,0,0,0,0,0,0,0,0,,,STATEN ISLAND,7.463
SCHMUL PARK,0,0,0,0,0,0,0,0,,,STATEN ISLAND,7.395
BRIDGE PARK BRONX,0,0,0,0,0,0,0,0,,,BRONX        ,7.156
BEACH 30TH STREET PLAYGROUND,0,0,0,0,0,0,0,0,,,QUEENS       ,7.122
BROWER PARK,0,0,0,0,0,1,0,2,,,BROOKLYN     ,7.047
JOYCE KILMER PARK,1,0,0,0,0,0,0,1,,,BRONX        ,6.882
MARIA HERNANDEZ PARK,0,0,0,0,0,0,0,1,,,BROOKLYN     ,6.873
THE HIGH LINE,0,0,0,0,0,0,2,2,,,MANHATTAN    ,6.73
LINDOWER PARK,0,0,0,0,0,0,0,0,,,BROOKLYN     ,6.7
FRIENDS FIELD,0,0,0,0,0,0,0,0,,,BROOKLYN     ,6.7
J. HOOD WRIGHT PARK,0,0,0,0,0,0,0,0,,,MANHATTAN    ,6.699
WNYC TRANSMITTER PARK,0,0,0,0,0,0,0,0,,,BROOKLYN     ,6.611
SPUYTEN DUYVIL SHOREFRONT PARK,0,0,0,0,0,0,0,0,,,BRONX        ,6.6
PARK AVENUE MALLS,0,0,0,0,0,0,0,0,,,MANHATTAN    ,6.593
WESTWOOD PARK,0,0,0,0,0,0,0,0,,,STATEN ISLAND,6.563
UNION SQUARE PARK,0,0,0,0,0,0,3,3,,,MANHATTAN    ,6.51
CONCRETE PLANT PARK,0,0,0,0,0,0,0,0,,,BRONX        ,6.438
COL. YOUNG PLAYGROUND,0,0,0,0,0,0,0,0,,,MANHATTAN    ,6.423
BRADYS POND PARK,0,0,0,0,0,0,0,0,,,STATEN ISLAND,6.402
COOPER PARK,0,0,0,0,0,0,0,0,,,BROOKLYN     ,6.401
GRAVESEND PARK,0,0,0,0,0,0,0,0,,,BROOKLYN     ,6.379
DR. CHARLES R. DREW PARK,0,0,0,0,0,0,0,0,,,QUEENS       ,6.336
TRINITY PARK,0,0,0,0,0,0,0,0,,,BROOKLYN     ,6.3
MADISON SQUARE PARK,0,0,0,0,0,0,3,3,,,MANHATTAN    ,6.234
ELMHURST PARK,0,0,0,0,0,0,0,0,,,QUEENS       ,6.219
FORT HAMILTON ATHLETIC FIELD,0,0,0,0,0,0,0,0,,,BROOKLYN     ,6.194
AMBROSINI FIELD,0,0,0,0,0,0,0,0,,,BRONX        ,6.1
CLEARVIEW PARK,0,0,0,0,0,0,0,0,,,QUEENS       ,6.05
RALPH DEMARCO PARK,0,0,0,0,0,0,0,0,,,QUEENS       ,6.03
WINGATE PARK,0,0,0,0,0,0,0,0,,,BROOKLYN     ,5.888
UNNAMED PARK ON DRUMGOOLE ROAD & HUGUENOT AVENUE,0,0,0,0,0,0,0,0,,,STATEN ISLAND,5.848
DE WITT CLINTON PARK,0,0,0,0,0,0,0,0,,,MANHATTAN    ,5.829
UNNAMED PARK ON BOUNDARY AVENUE,0,0,0,0,0,0,0,0,,,STATEN ISLAND,5.765
VAN VOORHEES PARK,0,0,0,0,0,0,0,0,,,BROOKLYN     ,5.739
HALLETS COVE PLAYGROUND,0,0,0,0,0,0,0,0,,,QUEENS       ,5.7
MCKINLEY PARK,0,0,0,0,0,0,0,0,,,BROOKLYN     ,5.655
SOUTHERN FIELDS,0,0,0,0,0,0,0,0,,,QUEENS       ,5.593
DEVOE PARK,0,0,0,0,0,0,0,0,,,BRONX        ,5.44
ST. MICHAEL'S PLAYGROUND,0,0,0,0,0,1,0,1,,,QUEENS       ,5.43
MAFERA PARK,0,0,0,0,0,1,0,2,,,QUEENS       ,5.4
KENNEDY PLAYGROUND,0,0,0,0,0,0,0,0,,,QUEENS       ,5.4
SEAGIRT AVE WETLANDS,0,0,0,0,0,0,0,0,,,QUEENS       ,5.323
JOHN PAUL JONES PARK,0,0,0,0,0,0,0,0,,,BROOKLYN     ,5.317
WALKER PARK,0,0,0,0,0,0,0,0,,,STATEN ISLAND,5.278
OLD PLACE CREEK PARK,0,0,0,0,0,0,0,0,,,STATEN ISLAND,5.233
HOOVER - MANTON PLAYGROUNDS,0,0,0,0,0,1,0,1,,,QUEENS       ,5.2
GEN. DOUGLAS MACARTHUR PARK,0,0,0,0,0,0,0,0,,,STATEN ISLAND,5.165
GROVER CLEVELAND PLAYGROUND,0,0,0,0,0,0,0,1,,,QUEENS       ,5.1
POLICE OFFICER EDWARD BYRNE PARK,0,0,0,0,0,0,0,0,,,QUEENS       ,4.966
CYPRESS HILLS PLAYGROUND,0,0,0,0,0,0,0,0,,,BROOKLYN     ,4.947
SETH LOW PLAYGROUND/ BEALIN SQUARE,0,0,0,0,0,0,1,1,,,BROOKLYN     ,4.945
KELLY PARK,0,0,0,0,0,1,0,1,,,BROOKLYN     ,4.896
SOCRATES SCULPTURE PARK,0,0,0,0,0,0,0,0,,,QUEENS       ,4.893
BEACH 9 PLAYGROUND,0,0,0,0,0,0,0,0,,,QUEENS       ,4.863
SOUTH BEACH WETLANDS,0,0,0,0,0,0,0,0,,,STATEN ISLAND,4.794
NAPLES PLAYGROUND,0,0,0,0,0,0,0,0,,,STATEN ISLAND,4.784
RAOUL WALLENBERG FOREST,0,0,0,0,0,0,0,0,,,BRONX        ,4.73
WEST HARLEM PIERS,0,0,0,0,0,0,0,0,,,MANHATTAN    ,4.712
SPORTS PARK,0,0,0,0,0,0,0,0,,,STATEN ISLAND,4.647
WASHINGTON'S WALK,0,0,0,0,0,0,0,0,,,BRONX        ,4.637
CAMBRIA PLAYGROUND,0,0,0,0,0,0,0,0,,,QUEENS       ,4.635
MARCONI PARK,0,0,0,0,0,0,0,0,,,QUEENS       ,4.635
VALENTINO PIER,0,0,0,0,0,0,0,0,,,BROOKLYN     ,4.525
GRANITEVILLE QUARRY PARK,0,0,0,0,0,0,0,0,,,STATEN ISLAND,4.465
MONTBELLIER PARK,0,0,0,0,0,1,0,1,,,QUEENS       ,4.427
QUARRY BALLFIELDS,0,0,0,0,0,0,0,0,,,BRONX        ,4.417
RICHMAN (ECHO) PARK,0,0,0,1,0,1,0,3,,,BRONX        ,4.385
JEROME PARK,0,0,0,0,0,0,0,0,,,BRONX        ,4.359
CORLEARS HOOK PARK,0,0,0,0,0,0,0,0,,,MANHATTAN    ,4.355
"PHIL ""SCOOTER"" RIZZUTO PARK",0,0,0,0,0,0,0,0,,,QUEENS       ,4.353
ASPHALT GREEN,0,0,0,0,0,0,0,0,,,MANHATTAN    ,4.35
FABER POOL AND PARK,0,0,0,0,0,0,0,0,,,STATEN ISLAND,4.339
MACHATE CIRCLE,0,0,0,0,0,0,0,0,,,BROOKLYN     ,4.32
HAMILTON FISH PARK,0,0,0,0,0,0,0,0,,,MANHATTAN    ,4.3
TIFFANY STREET PIER,0,0,0,0,0,0,0,0,,,BRONX        ,4.231
KINGDOM POND PARK,0,0,0,0,0,0,0,0,,,STATEN ISLAND,4.22
COLUMBUS PARK BROOKLYN,0,0,0,0,0,0,0,0,,,BROOKLYN     ,4.14
STAPLETON PLAYGROUND,0,0,0,0,0,0,0,0,,,STATEN ISLAND,4.096
STERNBERG PARK,0,0,0,0,0,0,0,0,,,BROOKLYN     ,4.044
COLUCCI PLAYGROUND,0,0,0,0,0,0,0,0,,,BRONX        ,4
NORTHERLEIGH PARK,0,0,0,0,0,0,0,0,,,STATEN ISLAND,3.955
STUYVESANT SQUARE,0,0,0,0,0,1,0,1,,,MANHATTAN    ,3.928
LAST CHANCE POND PARK,0,0,0,0,0,0,0,0,,,STATEN ISLAND,3.903
FORDHAM LANDING PLAYGROUND,0,0,0,0,0,0,0,0,,,BRONX        ,3.9
CHELSEA PARK,0,0,0,0,0,0,3,3,,,MANHATTAN    ,3.9
NORTH 5TH STREET PIER AND PARK,0,0,0,0,0,0,0,0,,,BROOKLYN     ,3.882
HAGGERTY PARK,0,0,0,0,0,0,0,0,,,QUEENS       ,3.867
JACOB H. SCHIFF PLAYGROUND,0,0,0,0,0,2,0,2,,,MANHATTAN    ,3.852
GRANT PARK,0,0,0,0,0,1,0,1,,,BRONX        ,3.85
EAST ELMHURST PLAYGROUND,0,0,0,0,0,0,0,0,,,QUEENS       ,3.827
JOSEPH AUSTIN PLAYGROUND,0,0,0,0,0,0,0,0,,,QUEENS       ,3.814
UNNAMED PARK ON ROCKAWAY BOARDWALK & CREST ROAD,0,0,0,0,0,0,0,0,,,QUEENS       ,3.809
LINCOLN CENTER PLAZA,0,0,0,0,0,0,0,0,,,MANHATTAN    ,3.8
INGRAM WOODS,0,0,0,0,0,0,0,0,,,STATEN ISLAND,3.77
FARM PLAYGROUND,0,0,0,0,0,0,0,0,,,QUEENS       ,3.757
HINTON PARK,0,0,0,0,0,0,0,0,,,QUEENS       ,3.735
LOUIS PASTEUR PARK,0,0,0,0,0,0,0,0,,,QUEENS       ,3.673
WHITEY FORD FIELD,0,0,0,0,0,0,0,0,,,QUEENS       ,3.622
POMONOK PLAYGROUND,0,0,0,0,0,0,0,0,,,QUEENS       ,3.596
CLAWSON PLAYGROUND,0,0,0,0,0,0,0,0,,,STATEN ISLAND,3.593
BENNETT REST,0,0,0,0,0,0,0,0,,,MANHATTAN    ,3.567
GOVERNOR SMITH PLAYGROUND,0,0,0,0,0,0,0,0,,,BRONX        ,3.564
PAERDEGAT PARK,0,0,0,0,0,0,0,0,,,BROOKLYN     ,3.56
AMERSFORT PARK,0,0,0,0,0,0,0,0,,,BROOKLYN     ,3.557
CITY LINE PARK,0,0,0,0,0,0,0,0,,,BROOKLYN     ,3.552
BAILEY PLAYGROUND,0,0,0,0,0,0,0,0,,,BRONX        ,3.533
NAUTILUS PLAYGROUND QUEENS,0,0,0,0,0,0,0,0,,,QUEENS       ,3.52
VINMONT VETERAN PARK,0,0,0,0,0,0,0,0,,,BRONX        ,3.5
MCDONALD PLAYGROUND BROOKLYN,0,0,0,0,0,0,0,0,,,BROOKLYN     ,3.485
THE OLDE TOWNE OF FLUSHING BURIAL GROUND,0,0,0,0,0,0,0,0,,,QUEENS       ,3.474
WEGENER PARK,0,0,0,0,0,0,0,0,,,STATEN ISLAND,3.464
UNNAMED PARK ON BEACH CHANNEL DRIVE & BEACH 89TH TO OLD BEACH 88TH STREET,0,0,0,0,0,0,0,0,,,QUEENS       ,3.43
JULIO CARBALLO FIELDS,0,0,0,0,0,0,0,0,,,BRONX        ,3.428
GRADY PLAYGROUND,0,0,0,0,0,0,0,0,,,BROOKLYN     ,3.403
ST. MICHAEL'S PARK,0,0,0,0,0,0,0,0,,,QUEENS       ,3.4
BREININGER PARK,0,0,0,0,0,0,0,0,,,QUEENS       ,3.4
CO-OP CITY FIELD,0,0,0,0,0,0,0,0,,,BRONX        ,3.4
GREENWOOD PLAYGROUND,0,0,0,0,0,0,0,0,,,BROOKLYN     ,3.39
ST. ANDREW'S PLAYGROUND,0,0,0,0,0,0,1,1,,,BROOKLYN     ,3.38
SEWARD PARK,0,0,0,0,0,0,0,1,,,MANHATTAN    ,3.361
BEHAGEN PLAYGROUND,0,0,0,0,0,0,0,0,,,BRONX        ,3.348
DUGAN PLAYGROUND,0,0,0,0,0,0,0,0,,,STATEN ISLAND,3.333
EVERGREEN PARK,0,0,0,0,0,0,0,0,,,QUEENS       ,3.32
JOHN JAY PARK,0,0,0,0,0,0,0,0,,,MANHATTAN    ,3.312
UNIVERSITY WOODS,0,0,0,0,0,0,0,0,,,BRONX        ,3.306
WATSON GLEASON PLAYGROUND,0,0,0,0,0,0,0,0,,,BRONX        ,3.301
TOTTENVILLE POOL,0,0,0,0,0,0,0,0,,,STATEN ISLAND,3.259
VITO LOCASCIO FIELD,0,0,0,0,0,0,0,0,,,QUEENS       ,3.258
CALLAHAN-KELLY PLAYGROUND,0,0,0,0,0,0,0,0,,,BROOKLYN     ,3.253
JUDGE MOSES WEINSTEIN PLAYGROUND,0,0,0,0,0,0,0,0,,,QUEENS       ,3.25
COLUMBUS PARK AT MANHATTAN,0,0,0,0,0,0,1,2,,,MANHATTAN    ,3.233
GREENCROFT PLAYGROUND,0,0,0,0,0,0,0,0,,,STATEN ISLAND,3.23
SARATOGA PARK,0,0,0,0,0,0,0,0,,,BROOKLYN     ,3.214
SCARANGELLA PARK,0,0,0,0,0,0,0,2,,,BROOKLYN     ,3.214
BILL BROWN PLAYGROUND,0,0,0,0,0,0,0,0,,,BROOKLYN     ,3.214
JAMAICA PLAYGROUND,0,0,0,0,0,0,0,0,,,QUEENS       ,3.21
NOBLE PLAYGROUND,0,0,0,0,0,1,0,1,,,BRONX        ,3.21
MARCY PLAYGROUND,0,0,0,0,0,0,0,0,,,BROOKLYN     ,3.201
LYONS POOL,0,0,0,0,0,0,0,0,,,STATEN ISLAND,3.195
WAYANDA PARK,0,0,0,0,0,0,0,0,,,QUEENS       ,3.17
AMERICAN VETERANS MEMORIAL PIER,0,0,0,0,0,0,0,0,,,BROOKLYN     ,3.169
HOLCOMBE RUCKER PARK,0,0,0,0,0,0,0,0,,,MANHATTAN    ,3.125
JESSE OWENS PLAYGROUND,0,0,0,0,0,0,0,0,,,BROOKLYN     ,3.1
EAST RIVER WALK,0,0,0,0,0,0,0,0,,,MANHATTAN    ,3.089
PARK OF THE AMERICAS,0,0,0,0,0,1,0,1,,,QUEENS       ,3.076
BROOKLYN HEIGHTS PROMENADE,0,0,0,0,0,0,0,0,,,BROOKLYN     ,3.035
J.J. BYRNE PLAYGROUND,0,0,0,0,0,0,0,0,,,BROOKLYN     ,3.03
HERO PARK,0,0,0,0,0,0,0,0,,,STATEN ISLAND,3.024
NOSTRAND PLAYGROUND,0,0,0,0,0,0,0,0,,,BROOKLYN     ,3.023
FORT INDEPENDENCE PLAYGROUND,0,0,0,0,0,0,0,0,,,BRONX        ,3.02
BROWNSVILLE PLAYGROUND,0,0,0,0,0,0,0,1,,,BROOKLYN     ,3.017
GRANDVIEW PLAYGROUND,0,0,0,0,0,0,0,0,,,STATEN ISLAND,3.014
LAWRENCE VIRGILIO PLAYGROUND,0,0,0,0,0,0,0,0,,,QUEENS       ,3.009
JACOB JOFFE FIELDS,0,0,0,0,0,0,0,0,,,BROOKLYN     ,2.984
CLASSON PLAYGROUND AT CLASSON AVENUE & KENT,0,0,0,0,0,0,0,0,,,BROOKLYN     ,2.982
UTOPIA PLAYGROUND,0,0,0,0,0,0,0,0,,,QUEENS       ,2.98
BATH BEACH PARK,0,0,0,0,0,0,0,0,,,BROOKLYN     ,2.964
GLEN OAKS OVAL,0,0,0,0,0,0,0,0,,,QUEENS       ,2.948
POSEIDON PLAYGROUND,0,0,0,0,0,0,0,0,,,BROOKLYN     ,2.944
MERRIAM PLAYGROUND,0,0,0,0,0,1,0,1,,,BRONX        ,2.944
ROBERT E. VENABLE PARK,0,0,0,0,0,0,0,0,,,BROOKLYN     ,2.939
LEFFERTS PLAYGROUND,0,0,0,0,0,0,0,0,,,QUEENS       ,2.937
WALT WHITMAN PARK,0,0,0,0,0,0,0,0,,,BROOKLYN     ,2.913
WESTERLEIGH PARK,0,0,0,0,0,0,0,0,,,STATEN ISLAND,2.889
PETERS FIELD,0,0,0,0,0,0,0,0,,,QUEENS       ,2.872
DELPHIN H. GREENE PLAYGROUND,0,0,0,0,0,0,0,0,,,QUEENS       ,2.861
HOFFMAN PARK,0,0,0,0,0,0,0,2,,,QUEENS       ,2.857
MARKHAM PLAYGROUND,0,0,0,0,0,0,0,0,,,STATEN ISLAND,2.836
SPERANDEO BROTHERS PLAYGROUND,0,0,0,0,0,0,0,0,,,BROOKLYN     ,2.799
BUSHWICK PLAYGROUND ON KNICKERBOCKER AVENUE,0,0,0,0,0,0,0,1,,,BROOKLYN     ,2.783
IRVING SQUARE PARK,0,0,0,0,0,0,1,1,,,BROOKLYN     ,2.76
ST. VARTAN PARK,0,0,0,0,0,0,0,0,,,MANHATTAN    ,2.759
RAVENSWOOD PLAYGROUND,0,0,0,0,0,0,0,0,,,QUEENS       ,2.758
GORMAN PLAYGROUND,0,0,0,0,0,0,0,0,,,QUEENS       ,2.755
LOUIS CUVILLIER PARK,0,0,0,0,0,0,0,0,,,MANHATTAN    ,2.752
GRACE PLAYGROUND,0,0,0,0,0,0,0,0,,,BROOKLYN     ,2.744
GREEN CENTRAL KNOLL,0,0,0,0,0,0,0,0,,,BROOKLYN     ,2.741
DETECTIVE WILLIAM T. GUNN PARK,0,0,0,0,0,0,0,0,,,QUEENS       ,2.719
HOLY COW PLAYGROUND,0,0,0,0,0,0,0,0,,,QUEENS       ,2.7
BAYSIDE FIELDS,0,0,0,0,0,0,0,0,,,QUEENS       ,2.69
HICKMAN PLAYGROUND,0,0,0,0,0,0,0,0,,,BROOKLYN     ,2.656
ARBUTUS WOODS PARK,0,0,0,0,0,0,0,0,,,STATEN ISLAND,2.65
STARS & STRIPES PLAYGROUND,0,0,0,0,0,0,0,0,,,BRONX        ,2.646
P.O. SERRANO PLAYGROUND,0,0,0,0,0,0,0,0,,,BRONX        ,2.618
COLEMAN PLAYGROUND,0,0,0,0,0,0,1,1,,,MANHATTAN    ,2.61
MARGARET I. CARMAN GREEN - WEEPING BEECH,0,0,0,0,0,1,0,1,,,QUEENS       ,2.6
KATHY REILLY TRIANGLE,0,0,0,0,0,0,0,0,,,BROOKLYN     ,2.589
RIVERDALE PLAYGROUND,0,0,0,0,0,0,0,0,,,BRONX        ,2.58
MARIE CURIE PARK,0,0,0,0,0,0,0,0,,,QUEENS       ,2.552
EDENWALD PLAYGROUND,0,0,0,0,0,0,0,0,,,BRONX        ,2.537
THOMAS GREENE PLAYGROUND,0,0,0,0,0,0,0,0,,,BROOKLYN     ,2.525
MURRAY PLAYGROUND,0,0,0,0,0,0,0,0,,,QUEENS       ,2.524
BIG BUSH PARK,0,0,0,0,0,0,0,0,,,QUEENS       ,2.5
BATHGATE PLAYGROUND,0,0,0,0,0,0,0,0,,,BRONX        ,2.5
JOSEPH RODMAN DRAKE PARK,0,0,0,0,0,0,0,0,,,BRONX        ,2.49
INDEPENCE PARK SYLVAN GROVE CEMETERY,0,0,0,0,0,0,0,0,,,STATEN ISLAND,2.476
ALLEY PARK,0,0,0,0,0,0,0,0,,,QUEENS       ,2.446
FREDERICK JOHNSON PLAYGROUND,0,0,0,0,0,0,0,0,,,MANHATTAN    ,2.445
DAMROSCH PARK,0,0,0,0,0,0,0,0,,,MANHATTAN    ,2.443
ASSER LEVY PLAYGROUND,0,0,0,0,0,0,0,0,,,MANHATTAN    ,2.436
HARRY MAZE PLAYGROUND,0,0,0,0,0,0,0,0,,,BROOKLYN     ,2.427
LOST BATTALION HALL RECREATION CENTER,0,0,0,0,0,0,0,0,,,QUEENS       ,2.412
DUTCH KILLS PLAYGROUND,0,0,0,0,0,0,0,0,,,QUEENS       ,2.4
KOSCIUSZKO POOL,0,0,0,0,0,0,0,0,,,BROOKLYN     ,2.391
WEST PLAYGROUND,0,0,0,0,0,0,0,0,,,BROOKLYN     ,2.387
HOMECREST PLAYGROUND,0,0,0,0,0,0,0,0,,,BROOKLYN     ,2.372
DE MATTI PLAYGROUND,0,0,0,0,0,0,0,1,,,STATEN ISLAND,2.335
POE PARK,0,0,0,0,0,0,1,1,,,BRONX        ,2.331
OVERLOOK PARK,0,0,0,0,0,0,0,0,,,QUEENS       ,2.327
BARUCH PLAYGROUND,0,0,0,0,0,0,0,0,,,MANHATTAN    ,2.32
RAILROAD PLAYGROUND,0,0,0,0,0,0,0,1,,,BROOKLYN     ,2.3
OSBORN PLAYGROUND,0,0,0,0,0,0,0,0,,,BROOKLYN     ,2.3
FLOYD PATTERSON BALLFIELDS,0,0,0,0,0,0,0,0,,,BROOKLYN     ,2.3
TRIBORO PLAZA,0,0,0,0,0,0,0,0,,,MANHATTAN    ,2.3
POWER PLAYGROUND,0,0,0,0,0,0,0,0,,,BROOKLYN     ,2.295
MONSIGNOR CRAWFORD FIELD,0,0,0,0,0,0,0,0,,,BROOKLYN     ,2.291
MARTIN LUTHER KING JR. PLAYGROUND,0,0,0,0,0,0,0,0,,,BROOKLYN     ,2.29
P.O. REINALDO SALGADO PLAYGROUND,0,0,0,0,0,0,0,0,,,BROOKLYN     ,2.289
CARLTON PARK AT CARLTON AVENUE & FOSTER ROAD,0,0,0,0,0,0,0,0,,,STATEN ISLAND,2.288
CENTURY PLAYGROUND,0,0,0,0,0,0,0,0,,,BROOKLYN     ,2.282
SOUTH PACIFIC PLAYGROUND,0,0,0,0,0,0,0,1,,,BROOKLYN     ,2.264
NORTH SHORE ESPLANADE,0,0,0,0,0,0,0,0,,,STATEN ISLAND,2.252
FOX PLAYGROUND BROOKLYN,0,0,0,0,0,0,0,0,,,BROOKLYN     ,2.25
VLEIGH PLAYGROUND,0,0,0,0,0,0,0,0,,,QUEENS       ,2.243
LAREDO AVENUE PARCEL,0,0,0,0,0,0,0,0,,,STATEN ISLAND,2.223
FREDERICK B. JUDGE PLAYGROUND,0,0,0,0,0,0,0,0,,,QUEENS       ,2.217
BELMONT PLAYGROUND BRONX,0,0,0,0,0,0,0,0,,,BRONX        ,2.213
MAHONEY PLAYGROUND,0,0,0,0,0,0,0,0,,,STATEN ISLAND,2.21
ANCHORAGE PLAZA,0,0,0,0,0,0,0,0,,,BROOKLYN     ,2.2
ASTORIA HEIGHTS PLAYGROUND,0,0,0,0,0,0,0,0,,,QUEENS       ,2.2
HOYT PLAYGROUND,0,0,0,0,0,0,0,0,,,QUEENS       ,2.2
LORETO PLAYGROUND,0,0,0,0,0,0,0,0,,,BRONX        ,2.181
HARDING PARK,0,0,0,0,0,0,0,0,,,BRONX        ,2.16
WASHINGTON MARKET PARK,0,0,0,0,0,0,0,0,,,MANHATTAN    ,2.15
VIDALIA PARK,0,0,0,0,0,0,0,0,,,BRONX        ,2.136
UNNAMED PARK ON E 122ND STREET,0,0,0,0,0,0,0,0,,,MANHATTAN    ,2.13
BRIDGE PARK BROOKLYN,0,0,0,0,0,0,0,0,,,BROOKLYN     ,2.117
HAMILTON METZ FIELD,0,0,0,0,0,0,0,0,,,BROOKLYN     ,2.112
CARDOZO PLAYGROUND,0,0,0,0,0,0,0,0,,,QUEENS       ,2.096
CENTREVILLE PLAYGROUND,0,0,0,0,0,0,0,0,,,QUEENS       ,2.095
REDFERN PLAYGROUND,0,0,0,0,0,0,0,0,,,QUEENS       ,2.093
SHEEPSHEAD PLAYGROUND,0,0,0,0,0,0,0,0,,,BROOKLYN     ,2.087
STORY PLAYGROUND,0,0,0,0,0,0,0,0,,,BRONX        ,2.075
SAKURA PARK,0,0,0,0,0,0,0,0,,,MANHATTAN    ,2.067
LINNAEUS PARK,0,0,0,0,0,0,0,0,,,QUEENS       ,2.066
CASTLEWOOD PLAYGROUND,0,0,0,0,0,0,0,0,,,QUEENS       ,2.059
SKYLINE PLAYGROUND,0,0,0,0,0,0,0,0,,,STATEN ISLAND,2.057
CLOVE'S TAIL,0,0,0,0,0,0,0,0,,,STATEN ISLAND,2.056
DANIEL M. O'CONNELL PLAYGROUND,0,0,0,0,0,0,0,0,,,QUEENS       ,2.043
CHALLENGE PLAYGROUND,0,0,0,0,0,0,0,0,,,QUEENS       ,2.035
TORSNEY PLAYGROUND,0,0,0,0,0,0,0,0,,,QUEENS       ,2.027
LOCUST MANOR PLAYGROUND,0,0,0,0,0,0,0,0,,,QUEENS       ,2.003
PLAYGROUND ONE THIRTY FOUR CXXXIV,0,0,0,0,0,0,0,0,,,BRONX        ,2
FULTON PARK,0,0,0,0,0,0,0,0,,,BROOKLYN     ,1.987
ANDREW HASWELL GREEN PARK,0,0,0,0,0,0,0,0,,,MANHATTAN    ,1.984
MOORE HOMESTEAD PLAYGROUND,0,0,0,0,0,0,1,1,,,QUEENS       ,1.978
MCLAUGHLIN PARK,0,0,0,0,0,0,0,1,,,BROOKLYN     ,1.976
COLONEL DAVID MARCUS PLAYGROUND,0,0,0,0,0,0,0,0,,,BROOKLYN     ,1.974
SUMNER PLAYGROUND,0,0,0,0,0,0,0,0,,,BROOKLYN     ,1.97
ROSEMARY'S PLAYGROUND,0,0,0,0,0,0,1,1,,,QUEENS       ,1.967
SAUL WEPRIN PLAYGROUND,0,0,0,0,0,0,0,0,,,QUEENS       ,1.964
FREDERICK DOUGLASS PLAYGROUND,0,0,0,0,0,0,0,0,,,MANHATTAN    ,1.945
UNNAMED PARK ON HEMPSTEAD AVENUE,0,0,0,0,0,0,0,0,,,QUEENS       ,1.94
BRIDGE PARK 3,0,0,0,0,0,0,0,0,,,BROOKLYN     ,1.934
THE PAINTER'S PLAYGROUND,0,0,0,0,0,0,0,0,,,QUEENS       ,1.932
ROBERTO CLEMENTE BALLFIELD,0,0,0,0,0,0,1,1,,,BROOKLYN     ,1.93
TERRACE PLAYGROUND,0,0,0,0,0,0,0,0,,,STATEN ISLAND,1.922
TRAVERS PARK,0,0,0,0,0,0,0,0,,,QUEENS       ,1.919
BUFANO PARK,0,0,0,0,0,0,0,0,,,BRONX        ,1.904
DIMATTINA PLAYGROUND,0,0,0,0,0,0,0,0,,,BROOKLYN     ,1.9
HERMAN DOLGON PLAYGROUND,0,0,0,0,0,0,0,0,,,BROOKLYN     ,1.894
GORMAN PARK,0,0,0,0,0,0,0,0,,,MANHATTAN    ,1.89
WILLIS PLAYGROUND,0,0,0,0,0,0,0,0,,,BRONX        ,1.882
WEST BRONX RECREATION CENTER,0,0,0,0,0,0,0,0,,,BRONX        ,1.88
THOMAS PAINE PARK,0,0,0,0,0,0,0,0,,,MANHATTAN    ,1.875
CARROLL PARK,0,0,0,0,0,0,0,1,,,BROOKLYN     ,1.874
COLGATE CLOSE,0,0,0,0,0,0,0,0,,,BRONX        ,1.871
LONDON PLANETREE PLAYGROUND,0,0,0,0,0,0,0,0,,,QUEENS       ,1.837
SUTTER BALLFIELDS,0,0,0,0,0,0,0,0,,,BROOKLYN     ,1.836
TAAFFE PLAYGROUND,0,0,0,0,0,1,0,1,,,BROOKLYN     ,1.821
GIVAN SQUARE,0,0,0,0,0,0,0,0,,,BRONX        ,1.82
THOMAS BOYLAND PARK,0,0,0,0,0,0,0,0,,,BROOKLYN     ,1.82
HAROLD ICKES PLAYGROUND,0,0,0,0,0,0,0,0,,,BROOKLYN     ,1.816
REV J POLITE PLAYGROUND,0,0,0,0,0,0,0,0,,,BRONX        ,1.815
MAPES BALLFIELD,0,0,0,0,0,0,0,0,,,BRONX        ,1.806
MIDLAND MALLS,0,0,0,0,0,0,0,0,,,QUEENS       ,1.803
CEDAR PLAYGROUND,0,0,0,0,0,0,0,0,,,BRONX        ,1.8
BENNETT PARK,0,0,0,0,0,0,0,0,,,MANHATTAN    ,1.8
CONCH PLAYGROUND,0,0,0,0,0,0,0,0,,,QUEENS       ,1.8
RAYMOND BUSH PLAYGROUND,0,0,0,0,0,1,1,3,,,BROOKLYN     ,1.795
PLAYGROUND 52 LII,0,0,0,0,0,0,0,1,,,BRONX        ,1.793
DR. GREEN PLAYGROUND,0,0,0,0,0,0,0,0,,,BROOKLYN     ,1.791
BRUST PARK,0,0,0,0,0,0,0,0,,,BRONX        ,1.79
LAURELTON PLAYGROUND,0,0,0,0,0,0,0,0,,,QUEENS       ,1.785
MANOR PARK,0,0,0,0,0,0,0,0,,,STATEN ISLAND,1.78
SIMEONE PARK,0,0,0,0,0,0,0,0,,,QUEENS       ,1.78
TAPPEN PARK,0,0,0,0,0,0,0,0,,,STATEN ISLAND,1.777
LUNA PARK,0,0,0,0,0,0,0,0,,,BROOKLYN     ,1.76
ALFRED E. SMITH PLAYGROUND,0,0,0,0,0,0,0,0,,,MANHATTAN    ,1.75
ELECTRIC PLAYGROUND,0,0,0,0,0,0,0,0,,,QUEENS       ,1.749
YELLOWSTONE PARK,0,0,0,0,0,0,0,0,,,QUEENS       ,1.745
CORONA GOLF PLAYGROUND,0,0,0,0,0,1,0,1,,,QUEENS       ,1.722
WILSON PLAYGROUND,0,0,0,0,0,0,0,0,,,BROOKLYN     ,1.721
NORTHERN PLAYGROUND,0,0,0,0,0,0,0,0,,,QUEENS       ,1.719
BARTEL-PRITCHARD SQUARE,0,0,0,0,0,0,0,0,,,BROOKLYN     ,1.711
DOUGHBOY PLAZA,0,0,0,0,0,0,0,0,,,QUEENS       ,1.71
CASTLE HILL LITTLE LEAGUE FIELD,0,0,0,0,0,0,0,0,,,BRONX        ,1.707
GRAND FERRY PARK,0,0,0,0,0,0,0,0,,,BROOKLYN     ,1.7
HAPPY WARRIOR PLAYGROUND,0,0,0,0,0,0,0,0,,,MANHATTAN    ,1.7
ALLEN MALL ONE,0,0,0,0,0,0,0,0,,,MANHATTAN    ,1.698
PLAYGROUND ONE TWENTY FIVE CXXV,0,0,0,0,0,0,0,0,,,MANHATTAN    ,1.691
STAR SPANGLED PLAYGROUND,0,0,0,0,0,0,0,0,,,BROOKLYN     ,1.687
PATTERSON PLAYGROUND,0,0,0,0,0,0,0,0,,,BRONX        ,1.683
MOUNT EDEN MALLS,0,0,0,0,0,0,0,0,,,BRONX        ,1.682
MIDLAND PLAYGROUND,0,0,0,0,0,0,0,0,,,STATEN ISLAND,1.681
ADAM CLAYTON POWELL JR. MALLS,0,0,0,0,0,0,0,0,,,MANHATTAN    ,1.679
BANNEKER PLAYGROUND,0,0,0,0,0,0,0,0,,,BROOKLYN     ,1.67
JAMES J WALKER PARK,0,0,0,0,0,0,0,0,,,MANHATTAN    ,1.67
WHITESTONE PLAYGROUND,0,0,0,0,0,0,0,0,,,QUEENS       ,1.662
EQUITY PARK,0,0,0,0,0,0,0,0,,,QUEENS       ,1.657
THURSBY BASIN PARK,0,0,0,0,0,0,0,0,,,QUEENS       ,1.657
BELL MALLS,0,0,0,0,0,0,0,0,,,QUEENS       ,1.652
LEIF ERICSON FIELDS,0,0,0,0,0,0,0,0,,,BROOKLYN     ,1.65
NEHEMIAH PARK,0,0,0,0,0,0,0,0,,,BROOKLYN     ,1.648
MARBLE HILL PLAYGROUND,0,0,0,0,0,0,0,0,,,BRONX        ,1.646
WAGNER HOUSES POOL,0,0,0,0,0,0,0,0,,,MANHATTAN    ,1.64
HARLEM LANE PLAYGROUND,0,0,0,0,0,0,0,0,,,MANHATTAN    ,1.635
CROWLEY PLAYGROUND,0,0,0,0,0,0,0,0,,,QUEENS       ,1.633
BURNS PLAYGROUND,0,0,0,0,0,0,0,0,,,BRONX        ,1.623
100% PLAYGROUND,0,0,0,0,0,0,0,0,,,BROOKLYN     ,1.616
JACKIE ROBINSON PARK BROOKLYN,0,0,0,0,0,0,0,0,,,BROOKLYN     ,1.607
IDA COURT,0,0,0,0,0,0,0,0,,,STATEN ISLAND,1.6
JENNIFER'S PLAYGROUND,0,0,0,0,0,0,0,0,,,STATEN ISLAND,1.6
REAL GOOD PARK,0,0,0,0,0,0,0,0,,,QUEENS       ,1.598
ALLERTON PLAYGROUND,0,0,0,0,0,0,0,0,,,BRONX        ,1.597
OCEAN HILL PLAYGROUND,0,0,0,0,0,0,0,0,,,BROOKLYN     ,1.595
BELLEVUE SOUTH PARK,0,0,0,0,0,0,0,0,,,MANHATTAN    ,1.593
MAZZEI PLAYGROUND,0,0,0,0,0,0,0,0,,,BRONX        ,1.59
DAG HAMMARSKJOLD PLAZA,0,0,0,0,0,0,0,0,,,MANHATTAN    ,1.59
KOLBERT PLAYGROUND,0,0,0,0,0,0,1,1,,,BROOKLYN     ,1.581
POOR RICHARD'S PLAYGROUND,0,0,0,0,0,0,0,0,,,MANHATTAN    ,1.58
OLMSTED-BEIL HOUSE PARK,0,0,0,0,0,0,0,0,,,STATEN ISLAND,1.58
JOAN OF ARC PARK,0,0,0,0,0,0,0,0,,,MANHATTAN    ,1.578
TAYLOR PLAYGROUND,0,0,0,0,0,0,0,0,,,BRONX        ,1.578
HARMONY PARK,0,0,0,0,0,0,0,0,,,BROOKLYN     ,1.56
BRIARWOOD PLAYGROUND,0,0,0,0,0,0,0,0,,,QUEENS       ,1.558
CLINTONVILLE PLAYGROUND,0,0,0,0,0,0,0,0,,,QUEENS       ,1.553
FLATBUSH MALLS,0,0,0,0,0,0,0,0,,,BROOKLYN     ,1.55
WASHINGTON PARK BROOKLYN,0,0,0,0,0,0,0,0,,,BROOKLYN     ,1.549
JOHN HANCOCK PLAYGROUND,0,0,0,0,0,0,0,0,,,BROOKLYN     ,1.547
FRANK D. O'CONNOR PLAYGROUND,0,0,0,0,0,0,0,0,,,QUEENS       ,1.537
OLD TOWN PLAYGROUND,0,0,0,0,0,0,0,0,,,STATEN ISLAND,1.534
HUGUENOT PONDS PARK,0,0,0,0,0,0,0,0,,,STATEN ISLAND,1.53
REIFF PLAYGROUND,0,0,0,0,0,0,0,0,,,QUEENS       ,1.529
RUSSELL SAGE PLAYGROUND,0,0,0,0,0,0,0,0,,,QUEENS       ,1.526
ROGER MORRIS PARK,0,0,0,0,0,0,0,0,,,MANHATTAN    ,1.524
BROAD CHANNEL PARK,0,0,0,0,0,0,0,0,,,QUEENS       ,1.52
SPUYTEN DUYVIL PLAYGROUND,0,0,0,0,0,0,0,0,,,BRONX        ,1.51
JOHN ALLEN PAYNE PARK,0,0,0,0,0,0,0,0,,,BROOKLYN     ,1.51
BULOVA PARK,0,0,0,0,0,0,0,0,,,QUEENS       ,1.502
GOLCONDA PLAYGROUND,0,0,0,0,0,0,0,0,,,BROOKLYN     ,1.5
MAPLE GROVE PARK,0,0,0,0,0,0,0,0,,,QUEENS       ,1.5
DECATUR PLAYGROUND,0,0,0,0,0,0,0,0,,,BROOKLYN     ,1.5
DRY DOCK PLAYGROUND,0,0,0,0,0,0,0,0,,,MANHATTAN    ,1.5
UNNAMED PARK ON RIVERSIDE DRIVE,0,0,0,0,0,0,0,0,,,MANHATTAN    ,1.494
MARX BROTHERS PLAYGROUND,0,0,0,0,0,0,0,0,,,MANHATTAN    ,1.486
BREVOORT PLAYGROUND,0,0,0,0,0,0,0,0,,,BROOKLYN     ,1.485
PLAYGROUND SIXTY TWO LXII,0,0,0,0,0,0,0,0,,,QUEENS       ,1.48
TALL OAK PLAYGROUND,0,0,0,0,0,0,0,0,,,QUEENS       ,1.48
FRONTERA PARK,0,0,0,0,0,0,0,0,,,QUEENS       ,1.47
COLDEN PLAYGROUND,0,0,0,0,0,0,0,0,,,QUEENS       ,1.466
LUTHER GULICK PLAYGROUND,0,0,0,0,0,0,0,0,,,MANHATTAN    ,1.451
PULASKI PARK,0,0,0,0,0,0,0,0,,,BRONX        ,1.45
BOOKER T. WASHINGTON PLAYGROUND,0,0,0,0,0,0,0,0,,,MANHATTAN    ,1.441
DUNBAR PLAYGROUND,0,0,0,0,0,0,0,0,,,BRONX        ,1.44
PLAYGROUND TWENTY ONE,0,0,0,0,0,0,0,0,,,QUEENS       ,1.439
PROSPECT PLAYGROUND,0,0,0,0,0,0,0,0,,,BRONX        ,1.438
WOODS PLAYGROUND,0,0,0,0,0,0,0,0,,,BROOKLYN     ,1.438
GLENWOOD PLAYGROUND,0,0,0,0,0,0,0,0,,,BROOKLYN     ,1.43
SHELTERING ARMS PLAYGROUND,0,0,0,0,0,0,0,0,,,MANHATTAN    ,1.43
ALMEDA PLAYGROUND,0,0,0,0,0,0,0,0,,,QUEENS       ,1.43
GAETA PARK,0,0,0,0,0,0,0,0,,,STATEN ISLAND,1.43
MALL FORTY TWO XLII,0,0,0,0,0,0,0,0,,,QUEENS       ,1.429
NORELLI-HARGREAVES PLAYGROUND,0,0,0,0,0,0,0,0,,,QUEENS       ,1.427
PULASKI PLAYGROUND,0,0,0,0,0,0,0,0,,,BROOKLYN     ,1.416
BILDERSEE PLAYGROUND,0,0,0,0,0,0,0,1,,,BROOKLYN     ,1.416
MACDONALD PARK,0,0,0,0,0,0,0,0,,,QUEENS       ,1.415
OWEN F. DOLEN PARK,0,0,0,0,0,0,0,0,,,BRONX        ,1.4
VAN DYKE PLAYGROUND,0,0,0,0,0,0,0,0,,,BROOKLYN     ,1.398
WILLIAMSBRIDGE SQUARE,0,0,0,0,0,0,0,0,,,BRONX        ,1.395
PEOPLE'S PARK,0,0,0,0,0,0,0,0,,,BRONX        ,1.394
DOME PLAYGROUND,0,0,0,0,0,0,0,0,,,BROOKLYN     ,1.385
RUSSELL PEDERSEN PLAYGROUND,0,0,0,0,0,0,0,0,,,BROOKLYN     ,1.384
ST. CATHERINE'S PARK,0,0,0,0,0,0,0,0,,,MANHATTAN    ,1.383
HOWARD VON DOHLEN PLAYGROUND,0,0,0,0,0,0,0,0,,,QUEENS       ,1.381
HAVEN AVENUE,0,0,0,0,0,0,0,0,,,MANHATTAN    ,1.38
NAUTILUS PLAYGROUND BROOKLYN,0,0,0,0,0,0,0,0,,,BROOKLYN     ,1.38
ARCILLA PLAYGROUND,0,0,0,0,0,0,0,0,,,BRONX        ,1.377
LIEUTENANT JOHN H. MARTINSON PLAYGROUND,0,0,0,0,0,0,0,0,,,STATEN ISLAND,1.375
FOUNTAIN OF YOUTH PLAYGROUND,0,0,0,0,0,0,0,0,,,BRONX        ,1.375
MARTINEZ PLAYGROUND,0,0,0,0,0,0,0,0,,,BROOKLYN     ,1.373
HILLSIDE PARK BROOKLYN,0,0,0,0,0,0,0,0,,,BROOKLYN     ,1.371
PLAYGROUND ONE FORTY,0,0,0,0,0,0,0,0,,,QUEENS       ,1.37
LT. LIA PLAYGROUND,0,0,0,0,0,0,0,0,,,STATEN ISLAND,1.37
CRACK IS WACK PLAYGROUND,0,0,0,0,0,0,0,0,,,MANHATTAN    ,1.369
CASTLE HILL PLAYGROUND,0,0,0,0,0,0,0,0,,,BRONX        ,1.368
HOPE BALLFIELD,0,0,0,0,0,0,0,0,,,BROOKLYN     ,1.363
ADAM YAUCH PARK,0,0,0,0,0,0,0,0,,,BROOKLYN     ,1.363
DR. RONALD MCNAIR PARK,0,0,0,0,0,0,0,0,,,BROOKLYN     ,1.361
ADMIRAL FARRAGUT PLAYGROUND,0,0,0,0,0,0,0,0,,,BRONX        ,1.359
MCDONALD PLAYGROUND STATEN ISLAND,0,0,0,0,0,0,0,0,,,STATEN ISLAND,1.352
UNNAMED PARK ON VANDALIA AVENUE,0,0,0,0,0,0,0,0,,,BROOKLYN     ,1.351
FRESH MEADOWS PLAYGROUND,0,0,0,0,0,0,0,0,,,QUEENS       ,1.35
PLAYGROUND EIGHTY LXXX,0,0,0,0,0,0,0,0,,,QUEENS       ,1.35
PRINTER'S PARK,0,0,0,0,0,1,0,1,,,BRONX        ,1.341
RENAISSANCE PLAYGROUND,0,0,0,0,0,0,0,0,,,MANHATTAN    ,1.34
CLASSON PLAYGROUND AT CLASSON AVENUE & LAFAYETTE AVENUE,0,0,0,0,0,0,0,0,,,BROOKLYN     ,1.336
REMSEN PLAYGROUND,0,0,0,0,0,0,0,0,,,BROOKLYN     ,1.333
MARC AND JASON'S PLAYGROUND,0,0,0,0,0,0,0,0,,,BROOKLYN     ,1.326
VETERANS PARK STATEN ISLAND,0,0,0,0,0,1,0,1,,,STATEN ISLAND,1.324
LYONS SQUARE PLAYGROUND,0,0,0,0,0,0,0,0,,,BRONX        ,1.322
AGNES HAYWOOD PLAYGROUND,0,0,0,0,0,0,0,0,,,BRONX        ,1.32
MARION HOPKINSON PLAYGROUND,0,0,0,0,0,0,0,0,,,BROOKLYN     ,1.32
AMPERE PLAYGROUND,0,0,0,0,0,0,0,0,,,QUEENS       ,1.318
POTOMAC PLAYGROUND,0,0,0,0,0,0,0,0,,,BROOKLYN     ,1.315
DETECTIVE JOSEPH MAYROSE PARK,0,0,0,0,0,0,0,0,,,BROOKLYN     ,1.314
PAUL RAIMONDA PLAYGROUND,0,0,0,0,0,0,0,0,,,QUEENS       ,1.31
PRALL PLAYGROUND,0,0,0,0,0,0,0,0,,,STATEN ISLAND,1.307
HORACE HARDING PLAYGROUND,0,0,0,0,0,0,0,0,,,QUEENS       ,1.304
DEAN PLAYGROUND,0,0,0,0,0,0,0,0,,,BROOKLYN     ,1.3
SEVEN GABLES PLAYGROUND,0,0,0,0,0,0,0,0,,,QUEENS       ,1.297
TRIBOROUGH BRIDGE PLAYGROUND B,0,0,0,0,0,0,0,0,,,QUEENS       ,1.295
LITTLE FLOWER PLAYGROUND,0,0,0,0,0,0,0,0,,,MANHATTAN    ,1.294
DONGAN PLAYGROUND,0,0,0,0,0,0,0,0,,,STATEN ISLAND,1.293
BUSHWICK PLAYGROUND ON FLUSHING AVENUE,0,0,0,0,0,0,0,0,,,BROOKLYN     ,1.29
EAST RIVER PLAYGROUND,0,0,0,0,0,0,0,0,,,MANHATTAN    ,1.285
SAMUEL H. YOUNG PARK,0,0,0,0,0,0,0,0,,,BRONX        ,1.285
SPACE TIME PLAYGROUND,0,0,0,0,0,0,0,0,,,BRONX        ,1.28
BOWNE PLAYGROUND,0,0,0,0,0,0,0,0,,,QUEENS       ,1.28
RUDD PLAYGROUND,0,0,0,0,0,0,0,0,,,BROOKLYN     ,1.278
WILLOW LAKE PLAYGROUND,0,0,0,0,0,0,0,0,,,QUEENS       ,1.277
MURPHY'S BROTHER'S PLAYGROUND,0,0,0,0,0,0,0,0,,,MANHATTAN    ,1.275
COONEY GRAUER FIELD,0,0,0,0,0,0,0,0,,,BRONX        ,1.274
WAGNER PLAYGROUND,0,0,0,0,0,0,0,0,,,MANHATTAN    ,1.27
EMERALD PLAYGROUND,0,0,0,0,0,0,0,0,,,QUEENS       ,1.265
PELHAM BAY LITTLE LEAGUE,0,0,0,0,0,0,0,0,,,BRONX        ,1.26
CHARLIE'S PLACE,0,0,0,0,0,0,0,0,,,BROOKLYN     ,1.26
GREENE PLAYGROUND,0,0,0,0,0,0,0,0,,,BROOKLYN     ,1.259
TANAHEY PLAYGROUND,0,0,0,0,0,0,0,0,,,MANHATTAN    ,1.254
ALBERT J. PARHAM PLAYGROUND,0,0,0,0,0,0,0,0,,,BROOKLYN     ,1.253
PARKSIDE PLAYGROUND BROOKLYN,0,0,0,0,0,0,0,0,,,BROOKLYN     ,1.252
CARLTON PARK AT CARLTON BOULEVARD & CROWN AVENUE,0,0,0,0,0,0,0,0,,,STATEN ISLAND,1.25
PLAYGROUND NINETY,0,0,0,0,0,0,0,0,,,QUEENS       ,1.25
NEPTUNE PLAYGROUND,0,0,0,0,0,0,0,0,,,BROOKLYN     ,1.243
ANNUNCIATION PARK,0,0,0,0,0,0,0,0,,,MANHATTAN    ,1.24
HECKSCHER PLAYGROUND,0,0,0,0,0,0,0,1,,,BROOKLYN     ,1.24
GRASSMERE PLAYGROUND,0,0,0,0,0,0,0,0,,,QUEENS       ,1.239
QUEENSBORO OVAL,0,0,0,0,0,0,0,0,,,MANHATTAN    ,1.239
GONZALO PLASENCIA PLAYGROUND,0,0,0,0,0,0,0,0,,,BROOKLYN     ,1.236
FRESH MEADOWS PARK,0,0,0,0,0,0,0,0,,,QUEENS       ,1.23
RIENZI PLAYGROUND,0,0,0,0,0,0,0,0,,,BRONX        ,1.23
ROEBLING PLAYGROUND,0,0,0,0,0,0,0,0,,,BROOKLYN     ,1.23
PATRICK O'ROURKE PARK,0,0,0,0,0,0,0,0,,,BROOKLYN     ,1.23
HOWARD BENNETT PLAYGROUND,0,0,0,0,0,0,0,0,,,MANHATTAN    ,1.228
STANLEY ISAACS PLAYGROUND,0,0,0,0,0,0,0,0,,,MANHATTAN    ,1.227
CHAPPETTO SQUARE,0,0,0,0,0,0,0,0,,,QUEENS       ,1.226
BRIGHTON PLAYGROUND,0,0,0,0,0,0,0,0,,,BROOKLYN     ,1.225
NELSON PLAYGROUND,0,0,0,0,0,0,0,0,,,BRONX        ,1.222
SHEEPSHEAD BAY PIERS,0,0,0,0,0,0,0,0,,,BROOKLYN     ,1.22
ELEANOR ROOSEVELT PLAYGROUND,0,0,0,0,0,0,0,0,,,BROOKLYN     ,1.211
BAYVIEW PLAYGROUND,0,0,0,0,0,0,0,0,,,BROOKLYN     ,1.21
BAYSIDE PLAYGROUND,0,0,0,0,0,0,0,0,,,QUEENS       ,1.21
MURRAY HILL PLAYGROUND,0,0,0,0,0,0,0,0,,,QUEENS       ,1.206
FRANCIS LEWIS PLAYGROUND,0,0,0,0,0,0,0,0,,,QUEENS       ,1.206
MAGENTA PLAYGROUND,0,0,0,0,0,0,0,0,,,BRONX        ,1.205
TIFFANY PLAYGROUND,0,0,0,0,0,0,0,0,,,BRONX        ,1.205
MAURICE A FITZGERALD PLAYGROUND,0,0,0,0,0,0,0,0,,,QUEENS       ,1.201
HILTON HOLIDAY GARDENS,0,0,0,0,0,0,0,0,,,QUEENS       ,1.2
DANIEL BOONE PLAYGROUND,0,0,0,0,0,0,0,0,,,BRONX        ,1.2
KOREAN WAR VETERANS PLAZA,0,0,0,0,0,0,0,0,,,BROOKLYN     ,1.195
HATTIE CARTHAN PLAYGROUND,0,0,0,0,0,0,0,0,,,BROOKLYN     ,1.195
STROUD PLAYGROUND,0,0,0,0,0,0,0,0,,,BROOKLYN     ,1.194
TILDEN PLAYGROUND,0,0,0,0,0,0,0,0,,,BROOKLYN     ,1.19
UNDERWOOD PARK,0,0,0,0,0,0,0,0,,,BROOKLYN     ,1.187
SOUTH OXFORD PARK,0,0,0,0,0,0,0,0,,,BROOKLYN     ,1.187
LAFAYETTE PLAYGROUND ON STILLWELL AVENUE,0,0,0,0,0,0,0,1,,,BROOKLYN     ,1.187
GROVE HILL PLAYGROUND,0,0,0,0,0,0,0,0,,,BRONX        ,1.186
LA GUARDIA PLAYGROUND,0,0,0,0,0,0,0,0,,,BROOKLYN     ,1.179
UNNAMED PARK ON DRUMGOOLE ROAD & VERNON AVENUE,0,0,0,0,0,0,0,0,,,STATEN ISLAND,1.178
BELMONT PLAYGROUND BROOKLYN,0,0,0,0,0,0,0,0,,,BROOKLYN     ,1.177
STEUBEN PLAYGROUND,0,0,0,0,0,0,0,0,,,BROOKLYN     ,1.171
WILLIAM SHERIDAN PLAYGROUND,0,0,0,0,0,0,0,0,,,BROOKLYN     ,1.17
THE CYCLONE,0,0,0,0,0,0,0,0,,,BROOKLYN     ,1.17
OAKLAND GARDENS,0,0,0,0,0,0,0,0,,,QUEENS       ,1.166
UNIVERSITY PLACE,0,0,0,0,0,0,0,0,,,BROOKLYN     ,1.161
EHRENREICH-AUSTIN PLAYGROUND,0,0,0,0,0,0,0,0,,,QUEENS       ,1.161
HILLSIDE PARK QUEENS,0,0,0,0,0,0,0,0,,,QUEENS       ,1.16
SITTING AREA AT HOYT AVENUE,0,0,0,0,0,0,0,0,,,QUEENS       ,1.16
HARDING PARK BEAUTIFICATION PROJECT,0,0,0,0,0,0,0,0,,,BRONX        ,1.16
CUYLER GORE PARK,0,0,0,0,0,0,0,0,,,BROOKLYN     ,1.158
BATH PLAYGROUND,0,0,0,0,0,0,0,0,,,BROOKLYN     ,1.157
POLICE OFFICER NICHOLAS DEMUTIIS PARK,0,0,0,0,0,0,0,0,,,QUEENS       ,1.151
"""UNCLE"" VITO E. MARANZANO GLENDALE PLAYGROUND",0,0,0,0,0,0,0,0,,,QUEENS       ,1.15
RAPPAPORT PLAYGROUND,0,0,0,0,0,0,0,0,,,BROOKLYN     ,1.148
EAST SPRINGFIELD PLAYGROUND,0,0,0,0,0,0,0,0,,,QUEENS       ,1.146
WILLETS POINT PLAYGROUND,0,0,0,0,0,0,0,0,,,QUEENS       ,1.145
TOAD HALL PLAYGROUND,0,0,0,0,0,0,0,0,,,STATEN ISLAND,1.145
SEASIDE PLAYGROUND,0,0,0,0,0,0,0,0,,,QUEENS       ,1.144
CORPORAL JOHN A. SERAVALLI PLAYGROUND,0,0,0,0,0,0,1,1,,,MANHATTAN    ,1.143
POPPENHUSEN PLAYGROUND,0,0,0,0,0,0,0,0,,,QUEENS       ,1.14
UNNAMED PARK ON ROCKAWAY BOARDWALK & B 28TH ST,0,0,0,0,0,0,0,0,,,QUEENS       ,1.14
SOBEL COURT PARK,0,0,0,0,0,0,0,0,,,STATEN ISLAND,1.137
WESTBOURNE PLAYGROUND,0,0,0,0,0,0,0,0,,,QUEENS       ,1.13
FIDLER-WYCKOFF HOUSE PARK,0,0,0,0,0,0,0,0,,,BROOKLYN     ,1.13
UNNAMED PARK ON SOUNDVIEW AVENUE,0,0,0,0,0,0,0,0,,,BRONX        ,1.13
D'EMIC PLAYGROUND,0,0,0,0,0,0,0,0,,,BROOKLYN     ,1.13
PRESCOTT PLAYGROUND,0,0,0,0,0,0,0,0,,,STATEN ISLAND,1.124
LOPEZ PLAYGROUND,0,0,0,0,0,0,0,0,,,STATEN ISLAND,1.115
HUGH J. GRANT CIRCLE,0,0,0,0,0,0,0,0,,,BRONX        ,1.11
P.S. 29 BALL FIELD,0,0,0,0,0,0,0,0,,,BRONX        ,1.107
PENA HERRERA PARK,0,0,0,0,0,0,0,0,,,BROOKLYN     ,1.107
MENTONE PLAYGROUND,0,0,0,0,0,0,0,0,,,QUEENS       ,1.102
MIDDLETON PLAYGROUND,0,0,0,0,0,0,0,0,,,BROOKLYN     ,1.101
DE HOSTOS PLAYGROUND,0,0,0,0,0,0,0,0,,,BROOKLYN     ,1.1
SARATOGA BALLFIELDS,0,0,0,0,0,0,0,0,,,BROOKLYN     ,1.095
ROBERT MOSES PLAYGROUND,0,0,0,0,0,0,0,0,,,MANHATTAN    ,1.093
STOCKTON PLAYGROUND,0,0,0,0,0,0,0,0,,,BROOKLYN     ,1.089
JACOB'S LADDER PLAYGROUND,0,0,0,0,0,0,0,0,,,BROOKLYN     ,1.085
LOUIS ARMSTRONG PLAYGROUND,0,0,0,0,0,0,0,0,,,QUEENS       ,1.085
UNNAMED PARK ON HAMILTON AVENUE,0,0,0,0,0,0,0,0,,,BROOKLYN     ,1.08
LATIMER PLAYGROUND,0,0,0,0,0,0,0,0,,,QUEENS       ,1.076
UNNAMED PARK ON MELROSE AVENUE,0,0,0,0,0,0,0,0,,,BRONX        ,1.075
MARLBORO PLAYGROUND,0,0,0,0,0,0,0,0,,,BROOKLYN     ,1.072
NORTH ROCHDALE PLAYGROUND,0,0,0,0,0,0,0,0,,,QUEENS       ,1.071
JEROME PLAYGROUND,0,0,0,0,0,0,0,0,,,BROOKLYN     ,1.068
GREAT KILLS PARK AT HILLCREST AVENUE,0,0,0,0,0,0,0,0,,,STATEN ISLAND,1.065
FERMI PLAYGROUND,0,0,0,0,0,0,0,0,,,BROOKLYN     ,1.061
ERICSSON PLAYGROUND,0,0,0,0,0,0,0,0,,,BROOKLYN     ,1.06
TELEPHONE PLAYGROUND,0,0,0,0,0,0,0,0,,,QUEENS       ,1.056
MELLETT PLAYGROUND,0,0,0,0,0,0,0,0,,,BROOKLYN     ,1.056
NELLIE BLY PARK,0,0,0,0,0,0,0,0,,,BROOKLYN     ,1.056
SEDGWICK PLAYGROUND,0,0,0,0,0,0,0,0,,,BRONX        ,1.054
BRUCKNER PLAYGROUND,0,0,0,0,0,0,0,0,,,BRONX        ,1.053
MILLBROOK PLAYGROUND,0,0,0,0,0,0,0,0,,,BRONX        ,1.053
PLAYGROUND 103 CIII,0,0,0,0,0,0,0,0,,,MANHATTAN    ,1.052
ROCKET PARK,0,0,0,0,0,0,0,0,,,QUEENS       ,1.052
BEACH CHANNEL PLAYGROUND,0,0,0,0,0,0,0,0,,,QUEENS       ,1.051
L/CPL THOMAS P. NOONAN JR. PLAYGROUND,0,0,0,0,0,0,0,0,,,QUEENS       ,1.05
LOZADA PLAYGROUND,0,0,0,0,0,0,0,0,,,BRONX        ,1.05
JAMES WELDON JOHNSON PLAYGROUND,0,0,0,0,0,0,0,0,,,MANHATTAN    ,1.048
SPRINGFIELD PARK NORTH,0,0,0,0,0,0,0,0,,,QUEENS       ,1.045
NICHOLAS NAQUAN HEYWARD JR. PARK,0,0,0,0,0,0,0,0,,,BROOKLYN     ,1.041
PLANEVIEW PARK,0,0,0,0,0,0,0,0,,,QUEENS       ,1.035
FISH PLAYGROUND,0,0,0,0,0,0,0,0,,,BROOKLYN     ,1.035
GILBERT RAMIREZ PARK,0,0,0,0,0,0,0,0,,,BROOKLYN     ,1.034
OXPORT PLAYGROUND,0,0,0,0,0,0,0,0,,,BROOKLYN     ,1.033
WOODTREE PLAYGROUND,0,0,0,0,0,0,0,0,,,QUEENS       ,1.033
VAN ALST PLAYGROUND,0,0,0,0,0,0,0,0,,,QUEENS       ,1.033
HAMMEL PLAYGROUND,0,0,0,0,0,0,0,0,,,QUEENS       ,1.03
EASTCHESTER PLAYGROUND,0,0,0,0,0,0,0,0,,,BRONX        ,1.025
SUNRISE PLAYGROUND,0,0,0,0,0,0,0,0,,,QUEENS       ,1.025
POWELL PLAYGROUND,0,0,0,0,0,0,0,0,,,BROOKLYN     ,1.024
KALTENMEIER PLAYGROUND,0,0,0,0,0,0,0,0,,,STATEN ISLAND,1.02
MATTHEWS MULINER PLAYGROUND,0,0,0,0,0,0,0,0,,,BRONX        ,1.02
BOWLING GREEN,0,0,0,0,0,0,0,0,,,MANHATTAN    ,1.016
ANNADALE PLAYGROUND,0,0,0,0,0,0,0,0,,,QUEENS       ,1.013
CURTIS PLAYGROUND,0,0,0,0,0,0,0,0,,,BROOKLYN     ,1.003
MELROSE PLAYGROUND,0,0,0,0,0,0,0,0,,,BRONX        ,1.001
PLAYGROUND 174,0,0,0,0,0,0,0,0,,,BRONX        ,1
HOWARD PLAYGROUND,0,0,0,0,0,0,0,0,,,BROOKLYN     ,1
CHESTER PLAYGROUND,0,0,0,0,0,0,0,0,,,BROOKLYN     ,1
JACKIE ROBINSON PLAYGROUND,0,0,0,0,0,0,0,0,,,BROOKLYN     ,1
BLAKE HOBBS PLAYGROUND,0,0,0,0,0,0,0,0,,,MANHATTAN    ,1
PLIMPTON PLAYGROUND,0,0,0,0,0,0,1,1,,,BRONX        ,1
CASERTA PLAYGROUND,0,0,0,0,0,0,1,1,,,BRONX        ,1
HACKETT PARK,0,0,0,0,0,0,0,0,,,BRONX        ,1
RANDALL PLAYGROUND,0,0,0,0,0,0,0,0,,,BRONX        ,1
PINK PLAYGROUND,0,0,0,0,0,0,0,0,,,BROOKLYN     ,1
MARTIN LUTHER KING PLAYGROUND,0,0,0,0,0,0,0,0,,,MANHATTAN    ,1
MONSIGNOR KETT PLAYGROUND,0,0,0,0,0,0,0,0,,,MANHATTAN    ,1
RUPPERT PARK,0,0,0,0,0,0,0,0,,,MANHATTAN    ,0.997
BELLEROSE PLAYGROUND,0,0,0,0,0,0,0,0,,,QUEENS       ,0.996
ARVERNE PLAYGROUND,0,0,0,0,0,0,0,0,,,QUEENS       ,0.993
ABRAHAM LINCOLN PLAYGROUND,0,0,0,0,0,0,0,0,,,MANHATTAN    ,0.991
CAPTAIN RIVERA PLAYGROUND,0,0,0,0,0,0,0,0,,,BRONX        ,0.988
NEWTOWN BARGE PLAYGROUND,0,0,0,0,0,0,0,0,,,BROOKLYN     ,0.983
HOLLIS PLAYGROUND,0,0,0,0,0,0,0,0,,,QUEENS       ,0.98
MAPLE PLAYGROUND,0,0,0,0,0,0,0,0,,,QUEENS       ,0.978
GOUVERNEUR PLAYGROUND,0,0,0,0,0,0,0,0,,,BRONX        ,0.977
MOTT PLAYGROUND,0,0,0,0,0,0,0,0,,,BRONX        ,0.977
ZIMMERMAN PLAYGROUND,0,0,0,0,0,0,0,0,,,BRONX        ,0.974
LANNETT PLAYGROUND,0,0,0,0,0,0,0,0,,,QUEENS       ,0.974
RANAQUA PARK,0,0,0,0,0,0,0,0,,,BRONX        ,0.972
TEN EYCK PLAYGROUND,0,0,0,0,0,0,0,0,,,BROOKLYN     ,0.972
MAE GRANT PLAYGROUND,0,0,0,0,0,0,0,0,,,MANHATTAN    ,0.97
ANDRIES PLAYGROUND,0,0,0,0,0,0,0,0,,,BROOKLYN     ,0.964
CARVER PLAYGROUND,0,0,0,0,0,0,0,0,,,BROOKLYN     ,0.964
PARK SLOPE PLAYGROUND,0,0,0,0,0,0,0,0,,,BROOKLYN     ,0.955
CHERRY TREE PARK,0,0,0,0,0,0,0,0,,,MANHATTAN    ,0.95
DAVIS PLAYGROUND,0,0,0,0,0,0,0,0,,,STATEN ISLAND,0.949
MATTHEW P. SAPOLIN PLAYGROUND,0,0,0,0,0,0,0,0,,,MANHATTAN    ,0.947
PETER MINUIT PLAYGROUND,0,0,0,0,0,0,0,0,,,MANHATTAN    ,0.943
SOUTH ROCHDALE PLAYGROUND,0,0,0,0,0,0,0,0,,,QUEENS       ,0.942
DREW PLAYGROUND,0,0,0,0,0,0,0,0,,,BRONX        ,0.94
FOX PLAYGROUND BRONX,0,0,0,0,0,0,0,0,,,BRONX        ,0.94
WALTER WARD PLAYGROUND,0,0,0,0,0,0,0,0,,,QUEENS       ,0.935
CRISPUS ATTUCKS PLAYGROUND,0,0,0,0,0,0,0,0,,,BROOKLYN     ,0.934
BENSON PLAYGROUND,0,0,0,0,0,0,0,0,,,BROOKLYN     ,0.934
SURF PLAYGROUND,0,0,0,0,0,0,0,0,,,BROOKLYN     ,0.933
BERGEN BEACH PLAYGROUND,0,0,0,0,0,0,0,0,,,BROOKLYN     ,0.927
TIGER PLAYGROUND,0,0,0,0,0,0,0,0,,,BROOKLYN     ,0.926
ATHENS SQUARE,0,0,0,0,0,0,0,0,,,QUEENS       ,0.925
P.S. 279 PLAYGROUND,0,0,0,0,0,0,0,0,,,BROOKLYN     ,0.92
ROCK GARDEN PARK,0,0,0,0,0,0,0,0,,,BRONX        ,0.92
SAW MILL PLAYGROUND,0,0,0,0,0,0,0,0,,,BRONX        ,0.92
LIVONIA PARK,0,0,0,0,0,1,0,1,,,BROOKLYN     ,0.918
HOUSTON PLAYGROUND,0,0,0,0,0,0,0,0,,,BROOKLYN     ,0.918
BARTLETT PLAYGROUND,0,0,0,0,0,0,0,0,,,BROOKLYN     ,0.918
WHITE PLAYGROUND STATEN ISLAND,0,0,0,0,0,0,0,0,,,STATEN ISLAND,0.918
BOERUM PARK,0,0,0,0,0,0,1,1,,,BROOKLYN     ,0.918
NEWPORT PLAYGROUND,0,0,0,0,0,0,0,0,,,BROOKLYN     ,0.918
DITMARS PARK,0,0,0,0,0,0,0,0,,,QUEENS       ,0.918
PRATT PLAYGROUND,0,0,0,0,0,0,0,0,,,BROOKLYN     ,0.918
CARTER G. WOODSON CHILDREN'S PARK,0,0,0,0,0,0,0,0,,,BROOKLYN     ,0.918
VIRGINIA PARK,0,0,0,0,0,0,0,0,,,BRONX        ,0.918
ALBEMARLE PLAYGROUND,0,0,0,0,0,0,0,0,,,BROOKLYN     ,0.918
EDMONDS PLAYGROUND,0,0,0,0,0,0,0,0,,,BROOKLYN     ,0.917
GARDEN PLAYGROUND,0,0,0,0,0,0,0,0,,,BROOKLYN     ,0.915
MARTIN LUTHER PLAYGROUND,0,0,0,0,0,0,0,0,,,BROOKLYN     ,0.913
PONTIAC PLAYGROUND,0,0,0,0,0,0,0,0,,,BRONX        ,0.913
AESOP PARK,0,0,0,0,0,0,0,0,,,STATEN ISLAND,0.912
SLATTERY PLAYGROUND,0,0,0,0,0,0,0,0,,,BRONX        ,0.911
BAY TERRACE PLAYGROUND,0,0,0,0,0,0,0,0,,,QUEENS       ,0.91
WILLOUGHBY PLAYGROUND,0,0,0,0,0,0,0,0,,,BROOKLYN     ,0.907
ESTELLA DIGGS PARK,0,0,0,0,0,0,0,0,,,BRONX        ,0.903
WASHINGTON HALL PARK,0,0,0,0,0,2,0,2,,,BROOKLYN     ,0.901
STARR PLAYGROUND,0,0,0,0,0,0,0,0,,,QUEENS       ,0.9
HARLEM RBI,0,0,0,0,0,0,0,0,,,MANHATTAN    ,0.9
HART PLAYGROUND ON BROADWAY,0,0,0,0,0,0,0,0,,,QUEENS       ,0.896
AMERICAN PLAYGROUND,0,0,0,0,0,0,0,0,,,BROOKLYN     ,0.896
ARROCHAR PLAYGROUND,0,0,0,0,0,0,0,0,,,STATEN ISLAND,0.892
SOL LAIN PLGD,0,0,0,0,0,0,0,0,,,MANHATTAN    ,0.891
EL SHABAZZ PLAYGROUND,0,0,0,0,0,0,0,0,,,BROOKLYN     ,0.89
PINOCCHIO PLAYGROUND,0,0,0,0,0,0,0,0,,,QUEENS       ,0.888
ALICE KORNEGAY TRIANGLE,0,0,0,0,0,0,0,0,,,MANHATTAN    ,0.883
PETER'S FIELD,0,0,0,0,0,0,0,0,,,MANHATTAN    ,0.882
BEDFORD PLAYGROUND,0,0,0,0,0,0,0,0,,,BROOKLYN     ,0.881
HAROLD SCHNEIDERMAN PLAYGROUND,0,0,0,0,0,0,0,0,,,QUEENS       ,0.878
WAKEFIELD PLAYGROUND,0,0,0,0,0,0,0,0,,,BRONX        ,0.877
QUEENS VALLEY PLAYGROUND,0,0,0,0,0,0,0,0,,,QUEENS       ,0.876
LT. JOSEPH PETROSINO PARK,0,0,0,0,0,0,0,0,,,BROOKLYN     ,0.871
EVERGREEN PLAYGROUND,0,0,0,0,0,0,0,0,,,BROOKLYN     ,0.87
PLAYGROUND 286,0,0,0,0,0,0,0,0,,,BROOKLYN     ,0.868
BARRIER PLAYGROUND,0,0,0,0,0,0,0,0,,,QUEENS       ,0.867
LION'S PRIDE PLAYGROUND,0,0,0,0,0,0,0,0,,,BROOKLYN     ,0.865
NATHAN STRAUS PLAYGROUND,0,0,0,0,0,0,0,0,,,MANHATTAN    ,0.851
SCHENCK PLAYGROUND,0,0,0,0,0,0,0,0,,,BROOKLYN     ,0.847
HAVILAND PLAYGROUND,0,0,0,0,0,0,0,0,,,BRONX        ,0.84
SOL BLOOM PLAYGROUND,0,0,0,0,0,0,0,0,,,MANHATTAN    ,0.837
P.S. 155 PLAYGROUND,0,0,0,0,0,0,0,0,,,MANHATTAN    ,0.834
STEBBINS PLAYGROUND,0,0,0,0,0,0,0,0,,,BRONX        ,0.83
OPEN ROAD PARK,0,0,0,0,0,0,0,0,,,MANHATTAN    ,0.828
DI GILIO PLAYGROUND,0,0,0,0,0,0,0,0,,,BROOKLYN     ,0.826
HART PLAYGROUND ON 147 ST,0,0,0,0,0,0,0,0,,,QUEENS       ,0.821
FLYNN PLAYGROUND,0,0,0,0,0,0,0,0,,,BRONX        ,0.82
HIGHBRIDGE PARK BRONX SIDE,0,0,0,0,0,0,0,0,,,BRONX        ,0.82
FISHER POOL,0,0,0,0,0,0,0,0,,,QUEENS       ,0.817
PARKSIDE PLAYGROUND BRONX,0,0,0,0,0,0,0,0,,,BRONX        ,0.817
ALEXANDER HAMILTON PLAYGROUND,0,0,0,0,0,0,0,0,,,MANHATTAN    ,0.811
WEST FARMS RAPIDS,0,0,0,0,0,0,0,0,,,BRONX        ,0.81
BELLAIRE PLAYGROUND,0,0,0,0,0,0,0,0,,,QUEENS       ,0.809
STEINWAY PLAYGROUND,0,0,0,0,0,0,0,0,,,QUEENS       ,0.809
RISSE STREET PARK,0,0,0,0,0,0,0,0,,,BRONX        ,0.806
ETHAN ALLEN PLAYGROUND,0,0,0,0,0,0,0,0,,,BROOKLYN     ,0.8
KENNEDY KING PLAYGROUND,0,0,0,0,0,0,0,0,,,BROOKLYN     ,0.79
EUGENE MCCABE FIELD,0,0,0,0,0,0,0,0,,,MANHATTAN    ,0.789
VLADECK PARK,0,0,0,0,0,0,0,0,,,MANHATTAN    ,0.789
SAMUEL SEABURY PLAYGROUND,0,0,0,0,0,0,0,0,,,MANHATTAN    ,0.786
SPIRIT PLAYGROUND,0,0,0,0,0,0,0,0,,,QUEENS       ,0.786
MORGAN PLAYGROUND,0,0,0,0,0,0,0,0,,,BRONX        ,0.782
MOORE PLAYGROUND,0,0,0,0,0,0,0,0,,,MANHATTAN    ,0.766
FIRST PARK,0,0,0,0,0,0,0,0,,,MANHATTAN    ,0.763
SGT. WILLIAM DOUGHERTY PLAYGROUND,0,0,0,0,0,0,0,0,,,BROOKLYN     ,0.76
ADMIRAL PARK,0,0,0,0,0,0,0,0,,,QUEENS       ,0.759
JAIME CAMPIZ PLAYGROUND,0,0,0,0,0,2,0,2,,,BROOKLYN     ,0.752
SAMUEL N. BENNERSON 2ND PLAYGROUND,0,0,0,0,0,0,0,0,,,MANHATTAN    ,0.749
PLAYGROUND SEVENTY FIVE,0,0,0,0,0,0,0,0,,,QUEENS       ,0.749
WEBSTER PLAYGROUND,0,0,0,0,0,0,0,0,,,BRONX        ,0.744
FROST PLAYGROUND,0,0,0,0,0,0,0,0,,,BROOKLYN     ,0.739
TECUMSEH PLAYGROUND,0,0,0,0,0,0,0,0,,,MANHATTAN    ,0.738
RAILROAD PARK BRONX,0,0,0,0,0,1,0,1,,,BRONX        ,0.732
NATHAN WEIDENBAUM PARK,0,0,0,0,0,0,0,0,,,QUEENS       ,0.732
BLUEBERRY PARK,0,0,0,0,0,0,0,0,,,STATEN ISLAND,0.724
CLARK PLAYGROUND,0,0,0,0,0,0,0,0,,,BRONX        ,0.722
HUNTS POINT PLAYGROUND,0,0,0,0,0,0,0,0,,,BRONX        ,0.717
GUN HILL PLAYGROUND,0,0,0,0,0,0,0,0,,,BRONX        ,0.716
BLOOMINGDALE PLAYGROUND,0,0,0,0,0,0,0,0,,,MANHATTAN    ,0.715
GALILEO PLAYGROUND,0,0,0,0,0,0,0,0,,,BRONX        ,0.714
I-AM-PARK,0,0,0,0,0,0,0,0,,,BRONX        ,0.712
UNNAMED PARK ON 17TH STREET,0,0,0,0,0,0,0,0,,,BROOKLYN     ,0.711
LINWOOD PLAYGROUND,0,0,0,0,0,0,0,0,,,BROOKLYN     ,0.705
LAFAYETTE GARDENS PLAYGROUND,0,0,0,0,0,0,0,0,,,BROOKLYN     ,0.705
ORACLE PLAYGROUND,0,0,0,0,0,0,0,0,,,BROOKLYN     ,0.703
NEWTOWN PLAYGROUND,0,0,0,0,0,0,0,0,,,QUEENS       ,0.703
MOUNT HOPE PLAYGROUND,0,0,0,0,0,0,1,1,,,BRONX        ,0.7
GARRISON PLAYGROUND,0,0,0,0,0,0,0,0,,,BRONX        ,0.696
GERTRUDE EDERLE RECREATION CENTER,0,0,0,0,0,0,0,0,,,MANHATTAN    ,0.69
SLOPE PARK,0,0,0,0,0,0,0,0,,,BROOKLYN     ,0.689
FRED SAMUEL PLAYGROUND,0,0,0,0,0,0,0,0,,,MANHATTAN    ,0.688
AUBURNDALE PLAYGROUND,0,0,0,0,0,0,0,0,,,QUEENS       ,0.686
WHITE PLAYGROUND MANHATTAN,0,0,0,0,0,0,0,0,,,MANHATTAN    ,0.684
DAWSON PLAYGROUND,0,0,0,0,0,0,0,0,,,BRONX        ,0.681
LILLIAN D WALD PLAYGROUND,0,0,0,0,0,0,0,0,,,MANHATTAN    ,0.68
MAPES POOL,0,0,0,0,0,0,0,0,,,BRONX        ,0.68
HOWARD POOL,0,0,0,0,0,0,0,0,,,BROOKLYN     ,0.67
ST. NICHOLAS PLAYGROUND SOUTH,0,0,0,0,0,0,0,0,,,MANHATTAN    ,0.67
RIVER AVENUE PARKS,0,0,0,0,0,0,0,0,,,BRONX        ,0.67
CANAL PARK,0,0,0,0,0,0,0,0,,,MANHATTAN    ,0.669
RIVERBEND PLAYGROUND,0,0,0,0,0,0,0,0,,,BRONX        ,0.661
ST. NICHOLAS PLAYGROUND NORTH,0,0,0,0,0,0,0,0,,,MANHATTAN    ,0.66
COLLEGE POINT PARK,0,0,0,0,0,0,0,0,,,QUEENS       ,0.659
THE PEARLY GATES,0,0,0,0,0,0,0,0,,,BRONX        ,0.659
AUDUBON PLAYGROUND,0,0,0,0,0,0,0,0,,,MANHATTAN    ,0.656
COURTNEY CALLENDER PLAYGROUND,0,0,0,0,0,0,1,1,,,MANHATTAN    ,0.653
BRIZZI PLAYGROUND,0,0,0,0,0,1,0,1,,,BROOKLYN     ,0.649
AUGUSTUS ST. GAUDENS PLAYGROUND,0,0,0,0,0,0,0,0,,,MANHATTAN    ,0.642
VESUVIO PLAYGROUND,0,0,0,0,0,0,0,0,,,MANHATTAN    ,0.635
VETERANS GROVE,0,0,0,0,0,0,0,0,,,QUEENS       ,0.626
SQUIBB PARK,0,0,0,0,0,0,0,0,,,BROOKLYN     ,0.626
ELTON PLAYGROUND,0,0,0,0,0,0,0,0,,,BROOKLYN     ,0.622
TWENTY-FOUR SYCAMORES PARK,0,0,0,0,0,0,0,0,,,MANHATTAN    ,0.622
EAST RIVER ESPLANADE AT E 36TH ST AND FDR,0,0,0,0,0,0,0,0,,,MANHATTAN    ,0.62
CEDAR GROVE PLAYGROUND,0,0,0,0,0,0,0,0,,,QUEENS       ,0.619
CLEOPATRA PLAYGROUND,0,0,0,0,0,0,0,0,,,BRONX        ,0.618
BEACH 59TH ST PLAYGROUND,0,0,0,0,0,0,0,0,,,QUEENS       ,0.618
HALF-NELSON PLAYGROUND,0,0,0,0,0,0,0,0,,,BRONX        ,0.61
HENRY M. JACKSON PLAYGROUND,0,0,0,0,0,0,0,0,,,MANHATTAN    ,0.61
BRIDGE PLAYGROUND,0,0,0,0,0,0,0,0,,,BRONX        ,0.61
WILLIAM F. PASSANNANTE BALLFIELD,0,0,0,0,0,0,0,0,,,MANHATTAN    ,0.607
DR. RONALD E. MCNAIR PLAYGROUND,0,0,0,0,0,0,0,0,,,MANHATTAN    ,0.603
PENN SOUTH PLAYGROUND,0,0,0,0,0,0,0,0,,,MANHATTAN    ,0.6
O'NEILL TRIANGLE,0,0,0,0,0,0,0,0,,,BRONX        ,0.593
GEORGE WALKER JR. PARK,0,0,0,0,0,0,0,0,,,BROOKLYN     ,0.591
UNDERHILL PLAYGROUND,0,0,0,0,0,0,0,0,,,BROOKLYN     ,0.59
PETER DETMOLD PARK,0,0,0,0,0,0,0,0,,,MANHATTAN    ,0.588
COBBLE HILL PARK,0,0,0,0,0,0,0,0,,,BROOKLYN     ,0.585
WRIGHT BROTHERS PLAYGROUND,0,0,0,0,0,0,0,0,,,MANHATTAN    ,0.584
SEAN'S PLACE,0,0,0,0,0,0,0,0,,,QUEENS       ,0.582
MERCER PLAYGROUND,0,0,0,0,0,0,0,0,,,MANHATTAN    ,0.582
HARVARD PLAYGROUND,0,0,0,0,0,0,0,0,,,QUEENS       ,0.581
SARSFIELD PLAYGROUND,0,0,0,0,0,0,0,0,,,BROOKLYN     ,0.579
HELL'S KITCHEN PARK,0,0,0,0,0,0,0,0,,,MANHATTAN    ,0.576
RORY STAUNTON FIELD,0,0,0,0,0,0,0,0,,,QUEENS       ,0.574
BENNINGER PLAYGROUND,0,0,0,0,0,0,0,0,,,QUEENS       ,0.574
CARMANSVILLE PLAYGROUND,0,0,0,0,0,0,0,0,,,MANHATTAN    ,0.573
SIXTEEN SYCAMORES PLAYGROUND,0,0,0,0,0,0,0,0,,,BROOKLYN     ,0.567
GALAPO PLAYGROUND,0,0,0,0,0,0,0,0,,,BROOKLYN     ,0.565
MCKINLEY PLAYGROUND,0,0,0,0,0,0,0,0,,,MANHATTAN    ,0.563
ENNIS PLAYGROUND,0,0,0,0,0,0,0,0,,,BROOKLYN     ,0.554
GUTENBERG PLAYGROUND,0,0,0,0,0,0,0,0,,,MANHATTAN    ,0.551
BLAND PLAYGROUND,0,0,0,0,0,0,0,0,,,QUEENS       ,0.551
PFC NORTON PLAYGROUND,0,0,0,0,0,0,0,0,,,BROOKLYN     ,0.55
LITTLE CLAREMONT PARK,0,0,0,0,0,0,0,0,,,BRONX        ,0.549
JUNCTION PLAYGROUND,0,0,0,0,0,0,0,0,,,QUEENS       ,0.54
WOODRUFF PLAYGROUND,0,0,0,0,0,0,0,0,,,BROOKLYN     ,0.536
ABIGAIL PLAYGROUND,0,0,0,0,0,0,0,0,,,BRONX        ,0.529
DR. GERTRUDE B. KELLY PLAYGROUND,0,0,0,0,0,0,0,1,,,MANHATTAN    ,0.525
WALD PLAYGROUND,0,0,0,0,0,0,0,0,,,MANHATTAN    ,0.525
ANDREWS GROVE,0,0,0,0,0,0,0,0,,,QUEENS       ,0.518
ANIBAL AVILES PLAYGROUND,0,0,0,0,0,0,0,0,,,MANHATTAN    ,0.517
LAFAYETTE PLAYGROUND ON LAFAYETTE AVENUE,0,0,0,0,0,0,0,0,,,BROOKLYN     ,0.517
WASHINGTON PARK BRONX,0,0,0,0,0,0,0,0,,,BRONX        ,0.516
PAT WILLIAMS PLAYGROUND,0,0,0,0,0,0,0,0,,,QUEENS       ,0.514
GREENPOINT PLAYGROUND,0,0,0,0,0,0,0,0,,,BROOKLYN     ,0.504
PIERREPONT PLAYGROUND,0,0,0,0,0,0,0,0,,,BROOKLYN     ,0.503
EPIPHANY PLAYGROUND,0,0,0,0,0,0,0,0,,,BROOKLYN     ,0.5
JOHN ADAMS PLAYGROUND,0,0,0,0,0,0,0,0,,,QUEENS       ,0.494
LEVY PLAYGROUND,0,0,0,0,0,0,0,0,,,STATEN ISLAND,0.49
CLEMENT CLARKE MOORE PARK,0,0,0,0,0,0,0,0,,,MANHATTAN    ,0.489
CHARLTON GARDEN,0,0,0,0,0,0,0,0,,,BRONX        ,0.488
THOMAS J. CUITE PARK,0,0,0,0,0,0,0,0,,,BROOKLYN     ,0.487
CHERRY CLINTON PLAYGROUND,0,0,0,0,0,0,0,0,,,MANHATTAN    ,0.483
HILTON WHITE PLAYGROUND,0,0,0,0,0,0,0,0,,,BRONX        ,0.477
TURTLE PLAYGROUND,0,0,0,0,0,0,0,0,,,QUEENS       ,0.476
MILESTONE PARK,0,0,0,0,0,0,1,1,,,BROOKLYN     ,0.476
MATTHEWS - PALMER PLAYGROUND,0,0,0,0,0,0,0,0,,,MANHATTAN    ,0.475
FAIRMOUNT PLAYGROUND,0,0,0,0,0,0,0,0,,,BRONX        ,0.47
MOTHER CABRINI PARK,0,0,0,0,0,0,0,0,,,BROOKLYN     ,0.467
VIRGINIA PLAYGROUND,0,0,0,0,0,0,0,0,,,BRONX        ,0.461
RAINBOW PLAYGROUND,0,0,0,0,0,0,0,0,,,BROOKLYN     ,0.46
TRIBOROUGH BRIDGE PLAYGROUND E,0,0,0,0,0,0,0,0,,,QUEENS       ,0.46
TRIBOROUGH BRIDGE PLAYGROUND C,0,0,0,0,0,0,0,0,,,QUEENS       ,0.46
TRIBOROUGH BRIDGE PLAYGROUND D,0,0,0,0,0,0,0,0,,,QUEENS       ,0.46
TEN EYCK PLAZA,0,0,0,0,0,0,0,0,,,BROOKLYN     ,0.46
UNDERBRIDGE DOG RUN,0,0,0,0,0,0,0,0,,,QUEENS       ,0.457
WILLIAM MCCRAY PLAYGROUND,0,0,0,0,0,0,0,0,,,MANHATTAN    ,0.456
LOUIS ARMSTRONG COMMUNITY CENTER,0,0,0,0,0,0,0,0,,,QUEENS       ,0.452
ABC PLAYGROUND,0,0,0,0,0,0,0,0,,,MANHATTAN    ,0.451
MIDDLE VILLAGE PLAYGROUND,0,0,0,0,0,0,0,0,,,QUEENS       ,0.448
YAK PLAYGROUND,0,0,0,0,0,0,0,0,,,BROOKLYN     ,0.444
BUTTERFLY GARDENS,0,0,0,0,0,0,0,0,,,BROOKLYN     ,0.442
HAVEMEYER PLAYGROUND,0,0,0,0,0,0,0,0,,,BRONX        ,0.442
PLAYGROUND ONE,0,0,0,0,0,0,0,0,,,MANHATTAN    ,0.44
GARIBALDI PLAYGROUND,0,0,0,0,0,0,1,1,,,BROOKLYN     ,0.437
MCCAFFREY PLAYGROUND,0,0,0,0,0,0,0,0,,,MANHATTAN    ,0.436
MORRIS GARDEN,0,0,0,0,0,0,0,0,,,BRONX        ,0.436
ADMIRAL TRIANGLE,0,0,0,0,0,0,0,0,,,BROOKLYN     ,0.433
HORSESHOE PLAYGROUND,0,0,0,0,0,0,0,0,,,BRONX        ,0.432
HUNTS POINT RIVERSIDE PARK,0,0,0,0,0,0,0,0,,,BRONX        ,0.426
TOMPKINSVILLE PARK,0,0,0,0,0,0,0,0,,,STATEN ISLAND,0.424
WEST 4TH STREET COURTS,0,0,0,0,0,0,0,0,,,MANHATTAN    ,0.42
MOSHOLU PLAYGROUND,0,0,0,0,0,0,0,0,,,BRONX        ,0.412
LIOTTI IKEFUGI PLAYGROUND,0,0,0,0,0,0,0,0,,,STATEN ISLAND,0.408
JOSEPH C. SAUER PARK,0,0,0,0,0,0,0,0,,,MANHATTAN    ,0.403
PLAYGROUND EIGHTY NINE LXXXIX,0,0,0,0,0,0,0,0,,,MANHATTAN    ,0.402
VAN NEST PARK,0,0,0,0,0,0,0,0,,,BRONX        ,0.401
JOSEPHINE CAMINITI PLAYGROUND,0,0,0,0,0,0,0,0,,,QUEENS       ,0.398
RODNEY PARK SOUTH,0,0,0,0,0,0,0,0,,,BROOKLYN     ,0.392
CHELSEA RECREATION CENTER,0,0,0,0,0,0,0,0,,,MANHATTAN    ,0.385
IMAGINATION PLAYGROUND,0,0,0,0,0,0,0,0,,,MANHATTAN    ,0.385
HINES PARK,0,0,0,0,0,0,0,0,,,BRONX        ,0.383
GOBLE PLAYGROUND,0,0,0,0,0,0,0,0,,,BRONX        ,0.381
GRAND PLAYGROUND,0,0,0,0,0,0,0,0,,,BRONX        ,0.381
RODNEY PARK NORTH,0,0,0,0,0,0,0,0,,,BROOKLYN     ,0.37
ST. MARY'S PARK PLAYGROUND BROOKLYN,0,0,0,0,0,0,0,0,,,BROOKLYN     ,0.367
MARCY PARK SOUTH,0,0,0,0,0,0,0,0,,,BROOKLYN     ,0.357
MCLAUGHLIN PLAYGROUND,0,0,0,0,0,0,0,0,,,QUEENS       ,0.356
BLEECKER PLAYGROUND,0,0,0,0,0,0,0,0,,,MANHATTAN    ,0.356
HARLEM ART PARK,0,0,0,0,0,0,0,0,,,MANHATTAN    ,0.347
VINCENT F. ALBANO JR. PLAYGROUND,0,0,0,0,0,0,0,0,,,MANHATTAN    ,0.346
ST. MARY'S PARK BROOKLYN,0,0,0,0,0,0,0,0,,,BROOKLYN     ,0.345
JEROME PLAYGROUND SOUTH,0,0,0,0,0,0,0,0,,,BRONX        ,0.345
WALTON PARK,0,0,0,0,0,0,0,0,,,BRONX        ,0.344
SUTTON PLACE PARK,0,0,0,0,0,0,0,0,,,MANHATTAN    ,0.342
REV LENA IRONS UNITY PARK,0,0,0,0,0,0,0,0,,,BRONX        ,0.342
KINGSBRIDGE HEIGHTS COMMUNITY CENTER,0,0,0,0,0,0,0,0,,,BRONX        ,0.329
MACARTHUR PARK,0,0,0,0,0,0,0,0,,,MANHATTAN    ,0.329
SLEDGE PLAYGROUND,0,0,0,0,0,0,0,0,,,BROOKLYN     ,0.328
FREEDOM SQUARE PLAYGROUND,0,0,0,0,0,0,0,0,,,QUEENS       ,0.327
BERRY PLAYGROUND,0,0,0,0,0,0,0,0,,,BROOKLYN     ,0.327
LONG ISLAND MEWS,0,0,0,0,0,0,0,0,,,QUEENS       ,0.323
BLACK ROCK PLAYGROUND,0,0,0,0,0,0,0,0,,,BRONX        ,0.322
HOT SPOT TOT LOT,0,0,0,0,0,0,0,0,,,BROOKLYN     ,0.322
RODNEY PLAYGROUND SOUTH,0,0,0,0,0,0,0,0,,,BROOKLYN     ,0.319
BRIDGE AND TUNNEL PARK,0,0,0,0,0,0,0,0,,,QUEENS       ,0.318
STOP & GO PLAYGROUND,0,0,0,0,0,0,0,0,,,BRONX        ,0.316
MACLAUGHLIN PLAYGROUND,0,0,0,0,0,0,0,0,,,BRONX        ,0.304
HARRY CHAPIN PLAYGROUND,0,0,0,0,0,0,0,0,,,BROOKLYN     ,0.3
ANNADALE GREEN,0,0,0,0,0,0,0,0,,,STATEN ISLAND,0.3
WEEKSVILLE PLAYGROUND,0,0,0,0,0,0,0,0,,,BROOKLYN     ,0.295
DODGER PLAYGROUND,0,0,0,0,0,0,0,0,,,BROOKLYN     ,0.293
RODNEY PLAYGROUND NORTH,0,0,0,0,0,0,0,0,,,BROOKLYN     ,0.29
ELIZABETH STROUD PLAYGROUND,0,0,0,0,0,0,0,0,,,BROOKLYN     ,0.29
HANSBOROUGH RECREATION CENTER,0,0,0,0,0,0,0,0,,,MANHATTAN    ,0.29
A.R.R.O.W. FIELD HOUSE,0,0,0,0,0,0,0,0,,,QUEENS       ,0.29
PLAYGROUND 115,0,0,0,0,0,0,0,0,,,QUEENS       ,0.287
JENNIE JEROME PLAYGROUND,0,0,0,0,0,0,0,0,,,BRONX        ,0.287
MARINERS HARBOR PLAYGROUND,0,0,0,0,0,0,0,0,,,STATEN ISLAND,0.271
YOUTH VILLAGE,0,0,0,0,0,0,0,0,,,BRONX        ,0.27
BEANSTALK PLAYGROUND,0,0,0,0,0,0,0,0,,,BRONX        ,0.267
DESALVIO PLAYGROUND,0,0,0,0,0,0,0,0,,,MANHATTAN    ,0.266
DAN ROSS PLAYGROUND,0,0,0,0,0,1,0,1,,,BROOKLYN     ,0.256
DREAM STREET PARK,0,0,0,0,0,0,0,0,,,MANHATTAN    ,0.252
SIDNEY HILLMAN PLAYGROUND,0,0,0,0,0,0,0,0,,,MANHATTAN    ,0.245
SUNSHINE PLAYGROUND,0,0,0,0,0,0,0,0,,,MANHATTAN    ,0.24
RODNEY PARK CENTER,0,0,0,0,0,0,0,0,,,BROOKLYN     ,0.237
ST. GREGORY'S PLAYGROUND,0,0,0,0,0,0,0,0,,,MANHATTAN    ,0.231
SORRENTINO RECREATION CENTER,0,0,0,0,0,0,0,0,,,QUEENS       ,0.231
WILLIAM F MOORE PARK,0,0,0,0,0,0,0,0,,,QUEENS       ,0.23
UMMA PARK,0,0,0,0,0,0,0,0,,,BROOKLYN     ,0.23
MARY O'CONNOR PLAYGROUND,0,0,0,0,0,0,0,0,,,MANHATTAN    ,0.229
GENE GRAY PLAYGROUND,0,0,0,0,0,0,0,0,,,QUEENS       ,0.229
OGDEN PLIMPTON PLAYGROUND,0,0,0,0,0,0,0,0,,,BRONX        ,0.229
DOWNING STREET PLAYGROUND,0,0,0,0,0,0,0,0,,,MANHATTAN    ,0.223
PLAYGROUND THIRTY FIVE XXXV,0,0,0,0,0,0,0,0,,,QUEENS       ,0.218
ROLF HENRY PLAYGROUND,0,0,0,0,0,0,0,0,,,BROOKLYN     ,0.213
P.S. 125 PLAYGROUND,0,0,0,0,0,0,0,0,,,BROOKLYN     ,0.208
TONY DAPOLITO RECREATION CENTER,0,0,0,0,0,0,0,0,,,MANHATTAN    ,0.208
DAVIDSON PLAYGROUND,0,0,0,0,0,0,0,0,,,BRONX        ,0.207
ASTORIA HEALTH PLAYGROUND,0,0,0,0,0,0,0,0,,,QUEENS       ,0.207
MINETTA PLAYGROUND,0,0,0,0,0,0,0,0,,,MANHATTAN    ,0.206
CHIARANTANO PLAYGROUND,0,0,0,0,0,0,0,0,,,BROOKLYN     ,0.206
CORONA MAC PARK,0,0,0,0,0,0,0,0,,,QUEENS       ,0.205
THORPE FAMILY PLAYGROUND,0,0,0,0,0,0,0,0,,,BRONX        ,0.201
SUNNERS PLAYGROUND,0,0,0,0,0,0,0,0,,,BROOKLYN     ,0.197
TUDOR GROVE PLAYGROUND,0,0,0,0,0,0,0,0,,,MANHATTAN    ,0.192
RODNEY PLAYGROUND CENTER,0,0,0,0,0,0,0,0,,,BROOKLYN     ,0.189
SEABURY PARK,0,0,0,0,0,0,0,0,,,BRONX        ,0.186
PENN TRIANGLE,0,0,0,0,0,0,0,0,,,BROOKLYN     ,0.183
EAE J MITCHELL PARK,0,0,0,0,0,0,0,0,,,BRONX        ,0.183
METROPOLITAN RECREATION CENTER,0,0,0,0,0,0,0,0,,,BROOKLYN     ,0.181
RAMON APONTE PARK,0,0,0,0,0,0,0,0,,,MANHATTAN    ,0.174
BILL BOJANGLES ROBINSON PLAYGROUND,0,0,0,0,0,0,0,0,,,MANHATTAN    ,0.172
FIELD OF DREAMS PARK,0,0,0,0,0,0,0,0,,,BRONX        ,0.172
RECREATION CENTER 54,0,0,0,0,0,0,0,0,,,MANHATTAN    ,0.17
PEARL ST PLAYGROUND,0,0,0,0,0,0,0,0,,,MANHATTAN    ,0.162
LEWIS PLAYGROUND,0,0,0,0,0,0,0,0,,,BROOKLYN     ,0.161
NORTH PACIFIC PLAYGROUND,0,0,0,0,0,0,0,0,,,BROOKLYN     ,0.155
MORRIS MESA,0,0,0,0,0,0,0,0,,,BRONX        ,0.15
PEACE PARK,0,0,0,0,0,0,0,0,,,BRONX        ,0.141
DUKE PARK,0,0,0,0,0,0,0,0,,,BROOKLYN     ,0.137
SOBEL PLAYGROUND,0,0,0,0,0,0,0,0,,,BROOKLYN     ,0.135
CAPTAIN JACOB JOSEPH PLAYGROUND,0,0,0,0,0,0,0,0,,,MANHATTAN    ,0.135
GRAND CANAL COURT,0,0,0,0,0,0,0,0,,,MANHATTAN    ,0.134
LT. FEDERICO NARVAEZ TOT LOT,0,0,0,0,0,0,0,0,,,BROOKLYN     ,0.125
WEST 186TH STREET BASKETBALL COURT,0,0,0,0,0,0,0,0,,,MANHATTAN    ,0.123
SOPHIE IRENE LOEB,0,0,0,0,0,0,0,0,,,MANHATTAN    ,0.122
BARRETTO PARK,0,0,0,0,0,0,0,0,,,BRONX        ,0.12
ABYSSINIAN TOT LOT,0,0,0,0,0,0,0,0,,,MANHATTAN    ,0.118
ALEXANDER'S ALLEY,0,0,0,0,0,0,0,0,,,BRONX        ,0.11
EAST FLATBUSH CHILDREN'S PARK,0,0,0,0,0,0,0,0,,,BROOKLYN     ,0.106
MOHEGAN TRIANGLE,0,0,0,0,0,0,0,0,,,BRONX        ,0.096
PLAYGROUND OF THE AMERICAS,0,0,0,0,0,0,0,0,,,MANHATTAN    ,0.079
PRIVATE WILLIAM GRAY PARK,0,0,0,0,0,0,0,0,,,QUEENS       ,0.069
ADRIENNE'S PLAYGROUND,0,0,0,0,0,0,0,0,,,MANHATTAN    ,0
TOTAL,2,4,7,5,7,83,126,317,,,,
